TIMESTAMP;ET;T_CEC;T_REA;T_FVS
20171110;-9999;-9999;-9999;-9999
20171111;0.5065466929865456;0.11278840089667995;0.1473576937225859;-9999
20171112;0.409277232766801;0.18348785129241807;0.2257082361074933;-9999
20171113;0.40753402759933105;0.21627073312276782;0.21621023872641068;-9999
20171114;0.7398729253953235;0.20382822099021805;0.2192547796920301;0.4227692081187556
20171115;0.6227780256139973;0.095382425265136;0.09172827554657594;-9999
20171116;-9999;-9999;-9999;-9999
20171117;0.8350843148267466;0.12929960847614014;0.15325267433091974;-9999
20171118;0.37495169231576125;0.1325638983771276;-9999;-9999
20171119;0.3382546266286697;0.1425109951783621;0.16786942896078635;0.2707131864088355
20171120;0.4229263622709543;0.060487053755110126;0.122455104159054;0.31636700586709987
20171121;0.17946131399706566;0.06335946323337469;0.08491658381023587;-9999
20171122;0.38007264646234;0.08909054348369146;0.11338580430008781;-9999
20171123;0.19650182281978068;0.060444055442277565;-9999;-9999
20171124;0.40575782425515;0.12293512392920743;-9999;-9999
20171125;0.33503646945551196;0.1264547753692301;0.10634820673925083;-9999
20171126;0.19249057639184267;0.07676305072026544;-9999;-9999
20171127;0.60454067832124;0.3003377145887406;0.3137663741700018;-9999
20171128;0.4154567247691167;0.16544869308229446;0.18664816476229534;0.2581030365569925
20171129;0.3782440518581756;0.22312793338583564;-9999;-9999
20171130;0.325206273370628;0.1346527979626296;0.15381869177130586;-9999
20171201;-9999;-9999;-9999;-9999
20171202;0.281044387588667;0.13433582607908467;0.14842348293388907;-9999
20171203;0.6846964989849385;0.3352604019975707;0.38143762860925823;0.36872688089740374
20171204;0.8182104067504397;0.39824404766695026;0.36244615193500773;-9999
20171205;0.34377030055392727;0.21709055204716093;0.20625772221615019;0.2576663338872851
20171206;0.33616435754585233;0.20639197464800937;0.21133199871687747;-9999
20171207;0.315022429236941;0.18474238593665612;0.17370400175838133;0.2470437157575662
20171208;0.30878189669766765;0.16735836440771729;0.1595006966832923;0.25867616971881296
20171209;0.221400097709877;0.11815356735534785;-9999;-9999
20171210;0.30243895421391737;0.18875710627344086;0.2055917315493169;-9999
20171211;0.28818581439073604;0.18415642534460192;0.19203793996356108;-9999
20171212;0.284710690182849;0.19302149486124973;-9999;-9999
20171213;0.270477331639429;0.1659092835166111;0.1722044320763864;-9999
20171214;0.28975108860997434;0.18035837851822664;0.1780677275944783;-9999
20171215;0.21648312783786464;0.10625251517829727;0.10587759723488538;-9999
20171216;1.1978986115469799;0.44894533752275007;0.4676321320691231;-9999
20171217;0.22076482646130033;0.12644545305554597;0.13010580110124115;-9999
20171218;0.3443400137652966;0.15171110326293477;0.16871501053817858;0.22993399241267387
20171219;0.295426928897288;0.123093312961409;0.13111602821523344;-9999
20171220;0.9940636596092797;0.2681588368784921;0.35461523615220014;-9999
20171221;0.4008386714427447;0.25872888310958414;0.2761692869699131;-9999
20171222;0.2888209984170576;0.1243929066682727;0.14168568878529697;-9999
20171223;0.200955257078455;0.08251338282264423;0.09389134315103054;-9999
20171224;0.24660740596528666;0.07667765559219894;0.07490426671439537;0.16558631841278545
20171225;0.20423432980076098;0.09674131338805436;0.10828877896871054;-9999
20171226;0.30559559416928467;0.10834066125893178;0.12375271443060612;-9999
20171227;0.3300835528437347;0.14068861581173647;0.16508852892127832;-9999
20171228;0.2564005898589364;0.14931256094157844;0.1540674984695635;-9999
20171229;0.20101331932535435;0.11389458550338317;0.15358222244003608;-9999
20171230;0.26331913965216364;0.12748561447113893;0.16994696762452233;-9999
20171231;0.263360587634964;0.16013025447274884;0.16628053730496303;-9999
20180101;0.2565734528901524;0.0904904450906001;0.10585476473048398;0.18776280747936078
20180102;0.15879148492700698;0.07677856771785672;0.08389379096322004;-9999
20180103;0.20390107531538268;0.09630147783472476;0.10339553797585564;-9999
20180104;0.6827157214962206;0.31438805742114095;0.3087300707929634;-9999
20180105;0.5714331415285594;0.09512476631405598;-9999;-9999
20180106;0.7337166486194807;0.35417013983847073;0.41897910503758773;-9999
20180107;0.10396571810630767;0.016310919297212047;0.02997283414547716;-9999
20180108;-9999;-9999;-9999;-9999
20180109;-9999;-9999;-9999;-9999
20180110;0.6382267413443506;0.2662039269140291;0.28427265514145383;-9999
20180111;0.4654693939450803;0.2848119269574524;0.28430076608554167;-9999
20180112;0.4105302468544963;0.2759238075665627;0.2687983878231192;-9999
20180113;0.19403582192676364;0.052500043163435955;0.06821903439048316;0.1109005109703086
20180114;0.29648655499505705;0.11864803587967816;0.12384704052057127;-9999
20180115;0.23113247544196;0.13386643223423508;0.13820897778340277;-9999
20180116;-9999;-9999;-9999;-9999
20180117;0.27538502146825333;0.17059034586854005;0.17488810820349424;-9999
20180118;0.36626764805715567;0.21047237191201;0.20160940996043453;-9999
20180119;0.9265074743412752;0.7846869832969914;0.7844868988597611;-9999
20180120;0.846859002178482;0.7124070917611257;0.7171631173265135;-9999
20180121;0.5407158167701366;0.3487880817907408;0.35466029805468835;-9999
20180122;0.532344896459842;0.39801925630987073;0.39840512208910367;-9999
20180123;0.6540905699364941;0.5139020243683344;0.5133752904818208;0.39118263489421456
20180124;0.3838481991711647;0.25504932895917326;0.2509262499641611;-9999
20180125;-9999;-9999;-9999;-9999
20180126;0.6818461791313594;0.5854773655013913;0.5823301116418906;0.4013615714328177
20180127;1.0281838699742636;0.7994208344301738;0.7889406025435027;0.6768993039847336
20180128;0.5976793276442284;0.5048950941323529;0.5049141708986333;-9999
20180129;0.3103363547796023;0.2473778076639357;0.24395088273351945;-9999
20180130;0.6278479569462109;0.4854212197895316;0.5056199500075543;-9999
20180131;0.7405275189171157;0.526833034245653;0.524790930446342;-9999
20180201;0.7397002311404983;0.6157832664314524;0.6174407003542229;0.5566817290480249
20180202;0.6569517343329103;0.5734954786072822;0.569899443550611;0.510045400445325
20180203;0.5779141440120684;0.5003368358588302;0.4988982829459429;-9999
20180204;0.6886180024338949;0.5729366215595428;0.5683980754606124;0.5421360152339407
20180205;0.6558832842054917;0.5265150389401572;0.5369636914480818;-9999
20180206;0.9812263469574747;0.7351581308248906;0.7343191156935629;0.6911154055760415
20180207;0.868332485377246;0.7408726158536809;0.7271537804318162;0.7668735156959785
20180208;0.7082012510417907;0.5344066003538912;0.5136106435351107;0.5556232968576951
20180209;0.6965537019225243;0.6120175418010253;0.6050158241025616;-9999
20180210;1.1583591924649232;0.756814041968412;0.7292820292668944;0.9157616075793423
20180211;0.6564053185837487;0.45841452463699767;0.44322227109872164;-9999
20180212;0.7323830507069043;0.6004597213030103;0.6031142955621264;-9999
20180213;0.682892337440035;0.5981230385013366;0.5956962288263843;0.5516859237226284
20180214;0.6688142633255807;0.5645371115333906;0.5463433157323931;-9999
20180215;0.956020505785054;0.8950690460758887;0.8843790245867692;0.83944944094913
20180216;0.9047007870497735;0.7639524984589435;0.7537054802262448;0.703336543239325
20180217;0.8483085365348454;0.7880072703476042;0.7851306811425004;0.6189281056668218
20180218;1.2428721855187634;1.0233756881120002;0.9806832197777045;-9999
20180219;0.9236884810757774;0.8044596319456779;0.7945142523181621;0.7310051668762303
20180220;0.699208661544687;0.5593664960116214;0.5375162673400505;0.4961257295971817
20180221;0.8078493107585296;0.6251700205679926;0.6142938221074322;0.667402137723552
20180222;0.816303934179652;0.5741783178897413;0.5874887831262233;0.6486152030875354
20180223;0.7711091913510287;0.6127336572383769;0.5946864887835788;0.6193365936826121
20180224;0.5728568803181876;0.448971507681948;0.4287725154227768;0.47490627465531887
20180225;0.687680162740723;0.5724740370341133;0.5611830077406356;0.5310276434741776
20180226;-9999;-9999;-9999;-9999
20180227;1.6985253054132567;1.4796366825810197;1.4948682489518115;1.007269288151151
20180228;1.0854996406260733;0.8293988097244303;0.8308399491398331;-9999
20180301;-9999;-9999;-9999;-9999
20180302;-9999;-9999;-9999;-9999
20180303;1.3288498000624598;1.1324020434665425;1.1087606472582998;-9999
20180304;1.1488110032601933;1.005226468103652;1.0005421606860427;0.7994694092587383
20180305;1.6024302072133765;1.3515165923517598;1.3520014015565545;0.901457862811907
20180306;1.1857495322777734;1.0360470429547133;1.0293517037971376;0.7600936361945547
20180307;1.3441568957494867;1.0382513824108037;1.0437099819115203;0.8584890795878419
20180308;1.6254828986027665;1.4549223545735162;1.4507991462238308;1.1073074700065006
20180309;1.20468808116703;0.9938158690063906;1.0272757849147265;0.9220030172388038
20180310;0.3833446052466007;0.2537535624670919;0.26335311874766226;0.31184407486888543
20180311;1.0239192514293167;0.9186522040682685;0.9206756338556455;-9999
20180312;1.1297167662233365;0.806098520648085;0.7416964420877606;-9999
20180313;-9999;-9999;-9999;-9999
20180314;1.2779342948799766;0.5696720839754875;-9999;-9999
20180315;1.3261964268528768;0.427098145130251;-9999;0.7790429996490678
20180316;-9999;-9999;-9999;-9999
20180317;1.7267890032459399;1.4300601254928944;1.4329696063576323;1.2176197040448833
20180318;1.04790083875325;0.9182877568996873;0.9190121624260675;0.7075610293334625
20180319;1.3822646215358934;1.2308538856299216;1.2323197654593956;1.1465092478947259
20180320;0.8141265034723176;0.06013665120695276;-9999;-9999
20180321;1.5860067673855534;0.6290273364674676;0.5447108314818304;-9999
20180322;1.8532387289551833;1.3851464907277584;1.7517953146893332;-9999
20180323;1.9646197686657498;1.654009931961336;1.6509665625237213;1.3357775248412118
20180324;-9999;-9999;-9999;-9999
20180325;2.084010449729256;1.8480575014989213;1.8338601151354563;1.6083645547032384
20180326;2.7314451010629868;2.3989627841659136;2.3946377970206716;1.8144358767515874
20180327;1.4218664922065667;1.1457815277466292;1.1426748488231626;1.116348906549781
20180328;1.3481079004234402;0.9549453493642535;0.9905853175940824;1.0163312488267418
20180329;1.23362241557004;0.7747880787010731;0.7844562099950276;0.8341233343670655
20180330;1.13929750738728;0.7905444360446219;0.8180858119710409;0.6707047198206509
20180331;1.4092290221522765;1.0166456906968804;0.9954822027212289;0.953143390644289
20180401;1.4055720797390936;1.0939396075398502;1.031180738613347;0.8248942153140316
20180402;1.8936000129887933;1.5925120914901283;1.5844063480456547;1.2769577583740381
20180403;1.78656804009547;1.5680687677323444;1.5512855417091982;1.1879619734683509
20180404;1.7324083942459367;1.4588385647644084;1.4490838583528236;1.1463988712725435
20180405;1.1274037901397032;0.7514206171632277;0.7277526894627516;0.7365151788883171
20180406;-9999;-9999;-9999;-9999
20180407;2.6736258990040196;1.994100905356828;2.1242879979833984;-9999
20180408;2.56589199751526;2.3165795844082555;2.351730872479579;1.4971835719971733
20180409;1.78512925216449;1.4130390158785222;1.4009448347071163;-9999
20180410;1.5096642268749134;1.215266410263775;1.2423873674214843;1.096981590376655
20180411;2.0327335579572865;1.4880261640054004;1.4618897550386742;-9999
20180412;2.12110975927023;1.918005291537087;1.9100464964073263;-9999
20180413;2.312992682079893;2.194808310338111;2.187936444436407;1.7371767921093346
20180414;1.9616892498180931;1.7094188334764384;1.7210511625728517;1.4167022533189038
20180415;2.519001908546517;2.032894215796408;2.050358563969975;2.019913995107127
20180416;-9999;-9999;-9999;-9999
20180417;2.4075843529660665;2.133446781047164;2.156388555099099;1.6001653203174662
20180418;1.2662599027147199;0.9696956860102087;0.9618499002589577;0.9802565679464336
20180419;2.6789171558916838;2.456990138215313;2.4432850740059715;1.953702137581313
20180420;2.3943655971624334;2.171442191752177;2.1716315963933184;1.6035279830927764
20180421;1.6953573019504031;1.0977969294435266;1.1962520199652702;1.058547729337104
20180422;1.6193774438357933;1.127808001608067;1.1542437690530851;1.1696635339628267
20180423;1.6739479986500199;1.1303555641802545;1.123824992630457;1.0173654048537182
20180424;1.8585428741542234;1.4715076519029786;1.491464856859625;1.2021571859356692
20180425;2.4239197381088466;1.9763386226688051;1.9993297655496334;1.5825294052680932
20180426;2.1873849679750066;1.888318981717841;1.902199694503591;1.461922845692087
20180427;1.8061639534450566;1.5092842644235742;1.5147417715029103;1.4775796580570966
20180428;1.7112119106125234;1.4540398352780473;1.4396315936238717;1.3026264247278063
20180429;1.2598986163787098;1.034259455791339;1.0151683389237331;0.9810690103512731
20180430;1.77861177626004;1.4341534206507103;1.5543600118039989;1.4142345535686742
20180501;2.4240098532036236;1.8303243734171268;1.8439998068303074;1.70060184902284
20180502;1.8620607444537465;1.7478835854002601;1.7405251890764557;1.3853524217860258
20180503;1.8556160283302365;1.7772778830954907;1.785324823187345;1.4425756264549343
20180504;2.318316097716876;2.186329060931133;2.165569933174524;1.6882022025112335
20180505;1.92336111616134;1.7684941946914723;1.768964476114346;1.5256775201428534
20180506;2.26064272304346;2.1079165226576473;2.104439830534688;1.9476653591439124
20180507;2.6242258436598136;2.4228384752092658;2.4152046494312565;2.2497316190500674
20180508;2.859547343318427;2.5911209833604176;2.60057676855853;2.187852117161675
20180509;2.5384247878643236;2.321152027891873;2.311588352062591;2.0636236274600432
20180510;2.3824423884544665;2.2461798642271935;2.250231862862605;1.9867354067999863
20180511;3.21619707198186;2.702818465470469;2.740831467984446;-9999
20180512;3.1868592393813002;2.9856300299605243;3.0188570541684827;2.618317072790035
20180513;2.2004215843531703;2.1088482280148133;2.104526152735105;1.9487720821657781
20180514;2.0656480686503005;1.991940760618648;1.9823555886803532;1.8108296528996275
20180515;2.196592488580423;2.0853073518529284;2.0830000052579445;2.062282386582022
20180516;2.0072509730268266;1.313968533277934;1.2517315053898155;1.3341344519064944
20180517;2.740652445667427;2.5645165105269982;2.5654985169401;2.2920339988710765
20180518;2.773583746257643;2.6195977028670128;2.614015616876063;2.3442960440142095
20180519;2.75607159360343;2.6021381907585526;2.666971341643033;2.6438481541085843
20180520;2.2546676012524096;2.134039994970096;2.135491205463968;2.1488303194775726
20180521;2.5105734994329936;2.350418569051395;2.357623500901189;2.140999585002093
20180522;2.7622420521287836;2.6816954225224805;2.682481534652812;-9999
20180523;2.4781011000862265;2.397180024517852;2.399920109183282;2.2777847560393822
20180524;2.6949068773274267;2.538789199956458;2.5237556821763185;2.478534784170614
20180525;1.3635723054198567;1.139247970009116;1.1462604043996274;0.855514246312529
20180526;2.43445731902357;2.214415209802115;2.220652396331231;1.936009311223496
20180527;3.117745973029107;2.939419647367434;2.942348925217284;2.5139231308182524
20180528;3.5416165417733;3.3649140787177045;3.3679686977260466;3.120835023365746
20180529;4.518144156277256;3.940854324995608;3.8961894496733067;4.205389753770564
20180530;3.1487157114898263;2.944061799635295;2.9200067926764426;2.919901615866499
20180531;2.543973075775097;2.395577581785718;2.3861357803260685;2.340370200649329
20180601;3.107434654458307;3.0281153091845563;3.023035890837233;2.7013717317670602
20180602;3.338036423766687;3.2503961204366716;3.238028571004819;2.8754094748733086
20180603;4.0112321453780995;3.858863167321946;3.8358062151008085;3.392589916985825
20180604;4.340295556132746;3.717853889588266;3.6672787966351925;4.053789058791872
20180605;3.4499694863189263;3.041833778720674;2.9884506872019183;3.3489058979113477
20180606;2.98744019408502;2.7395593906205846;2.7271113716330007;2.9054335872516095
20180607;3.0769703135277866;2.831776460474202;2.8344748107163382;2.927995470041886
20180608;3.4902945020600136;3.2381091369058566;3.2384771937730066;3.186504134480773
20180609;2.6694455801595534;2.526795573627546;2.509182392139801;-9999
20180610;3.2974096804466932;3.1065371039946417;3.1105223905197543;3.0943297251948416
20180611;3.1814531211511565;3.122772981390019;3.128406524791356;2.9635697870799
20180612;3.410084190896814;3.2709059510258482;3.263242518239733;3.063603523723622
20180613;3.6109887259381335;3.3371493195722315;3.3196128499133475;3.062753798232037
20180614;3.3897220877279595;3.0257753090651756;2.9840970148134143;3.258611294999905
20180615;2.83823562953274;2.4574261662399115;2.4110810039605495;2.8171115482881954
20180616;2.5473355275057465;2.437433037489255;2.449720928649834;2.497824610092692
20180617;1.8983253539333067;1.840591181509296;1.8480590526862914;-9999
20180618;2.546306678363147;2.408839285135288;2.41176523364102;2.3051524602663886
20180619;2.6080673662037834;2.487099861830813;2.484074557329748;2.2906864724554006
20180620;2.9257614880156226;2.760126863384888;2.7457865278389395;2.6051865739999482
20180621;2.79348930476543;2.736056955464011;2.730912713163266;2.622329242442652
20180622;3.2512535911267464;3.0224446384413954;3.009202245111115;-9999
20180623;3.4723009789978527;3.230038166210384;3.2232161643636683;3.091519874448395
20180624;2.639709669677923;2.484673787388902;2.4736378213762604;2.587631937840519
20180625;2.1601983171944465;2.1011250556269294;2.1030608372628157;-9999
20180626;2.3615826914659763;2.245314078217675;2.2332490316009936;-9999
20180627;2.0797547585342766;1.9523252451122024;1.9261445303011544;-9999
20180628;2.1704648270250435;2.0425750206739033;2.042275927563361;-9999
20180629;2.538311105872463;2.3386629105114465;2.3895676963793315;2.201546745567525
20180630;2.7804797490932;2.4344187031410125;2.4776282003616803;-9999
20180701;2.1750081533971635;2.048624884315114;2.045426274155168;1.9851962571913941
20180702;1.8184787963303533;1.7730276842176707;1.7852486318242022;-9999
20180703;1.8029724060640167;1.7028187130674648;1.696378778644767;-9999
20180704;1.4916221283821098;1.437770486396316;1.4313605924703516;-9999
20180705;1.6141372263291132;1.5162076880647979;1.504672674509478;-9999
20180706;1.80671830569041;1.3293124750671321;1.2297682539739796;1.5958310375574312
20180707;1.8348180500536067;1.406358414619182;1.3511571177489643;1.6223916512443928
20180708;2.19531027131665;1.883772460984053;1.8327104120192468;1.8365269268677755
20180709;1.9803652584891;1.678842497832882;1.6612723147635309;1.599156525619192
20180710;2.3886455923201964;2.126522765996498;2.1281991836039427;2.1494780593737515
20180711;2.61699764992281;2.4044029919855894;2.3933921760721937;2.3381592789644574
20180712;2.8162798813622305;2.4979421537467763;2.5343726214874662;2.4255538648154187
20180713;2.98498014332284;2.627686593181169;2.6411398557865975;-9999
20180714;2.94796917772667;2.671991764696694;2.69627170578737;2.6376917945028877
20180715;2.588674114367023;2.445957005672529;2.4546373954735254;2.248706617308277
20180716;2.5106893950022298;2.3728709971092647;2.405719316432081;2.1253882964483877
20180717;3.0333607072286273;2.8352516230180598;2.8458608166440285;2.460219327774703
20180718;3.1525587762392266;2.8896685643035105;2.896506783022708;-9999
20180719;3.086518527453093;2.7902340507635253;2.7811463514918793;-9999
20180720;2.958129881702053;2.725602301457123;2.739657447119393;-9999
20180721;3.1005173440191065;2.762765807822855;2.7587431914810803;2.869718064849419
20180722;3.0688424458258994;2.8992812699330943;2.893526778589396;2.871154179990542
20180723;3.2367172054472273;3.015839296485762;3.021087914237643;-9999
20180724;3.0706693256868665;2.8548144102837725;2.8574621269470404;2.5749605955226933
20180725;3.49846957370703;3.1199986030222275;3.1255441873759535;-9999
20180726;3.2602126123356334;3.020510401321471;3.046015701854394;-9999
20180727;2.7642519745667467;2.616431706659211;2.6226280787787166;-9999
20180728;3.1320187082154534;2.92919658159899;2.9202945353245107;-9999
20180729;1.97882602837843;1.8348995813212114;1.871305946585838;-9999
20180730;2.5655969424935363;2.4079411070798984;2.421237337792446;-9999
20180731;2.715709607206883;2.4746008794717334;2.4878442845242903;-9999
20180801;3.1440174081527537;2.9420750817347257;2.937659985227284;-9999
20180802;3.0470694174928035;2.8980274142679106;2.905036695372778;-9999
20180803;2.5116156082146;2.406528405652861;2.402839394018774;-9999
20180804;3.33639514549223;2.903921387481517;2.892353309082915;2.819240817355409
20180805;2.3203285804560667;2.2341342217273112;2.23149397845412;-9999
20180806;2.5115608067022137;2.3261233672804424;2.3422057050176877;-9999
20180807;2.4897290252488533;2.349781721711181;2.359261950808959;-9999
20180808;2.4596170357450666;2.384604040707635;2.3770407649275382;-9999
20180809;-9999;-9999;-9999;-9999
20180810;3.48696012055511;3.2085365109738984;3.260350654308017;-9999
20180811;3.74376659223478;3.465709808641156;3.478918193316769;3.159009995906033
20180812;2.9184094127980997;2.683736941487942;2.6791010666041526;2.358786137481121
20180813;2.8141456736903403;2.628668957695493;2.619050107847331;2.511406822818956
20180814;2.5345610341830236;2.402154130668446;2.402022502560538;2.1082368170008112
20180815;2.464186374150723;2.391859362789659;2.3919083993324364;2.2368357661623994
20180816;2.8969233069822935;2.7684933764437236;2.7661873905938124;2.315538798358866
20180817;3.25408934250243;3.038330661256475;3.051676910960633;-9999
20180818;3.307886164971013;3.0727546567503734;3.0677357392583056;2.764934777762735
20180819;2.7894298786630736;2.669922720129742;2.72075704139819;2.348460813702634
20180820;2.60063919363191;2.480659770459485;2.475068559305293;2.155405269017047
20180821;1.8796074870205801;1.8454021749738005;1.857126211683787;-9999
20180822;2.25991450426719;2.2092806082283687;2.2345543847658655;1.982373611486124
20180823;2.0773935909363264;2.0082384372517628;2.0111216006479573;2.060703056733477
20180824;1.7727962860877666;1.742124844071106;1.7412566167457146;-9999
20180825;2.0315683952832706;1.9792740170999992;1.9901461290144935;-9999
20180826;2.1930195394996397;2.099744994836718;2.1163366817851132;2.0038408419287483
20180827;1.7709011691495302;1.6798464286528612;1.682388355783558;1.6420112919699872
20180828;1.5004531883765269;1.450515562337909;1.4659102911471453;1.401425262512322
20180829;1.50020521425835;1.41659186901385;1.4153447345068098;-9999
20180830;1.1858317239245333;1.1433758273992074;1.1419301346306143;-9999
20180831;1.3475486050764032;1.2687788953014185;1.2594130331816715;-9999
20180901;1.3120939454548866;1.2119761256342454;1.208445029809871;-9999
20180902;1.33525521787261;1.2199452776156616;1.2163220330765727;1.1696726130224682
20180903;1.2350585121661;1.178169089352523;1.1678450291566171;-9999
20180904;1.1378083913205266;1.089081893480861;1.0792515430342964;-9999
20180905;1.1472468291445665;1.0507044911976546;1.033138630820092;-9999
20180906;0.9419489002096694;0.8296661644428777;0.8151510870718311;-9999
20180907;0.9397325473811713;0.7993901473288368;0.7676263511195205;-9999
20180908;1.9196045457147;1.5543248473978133;1.5858737649248194;1.4492578499645523
20180909;1.9544074530693731;1.6080220699878982;1.6072531812702828;1.5204754158946523
20180910;1.85118673254889;1.4705408417715584;1.476833874159417;1.438062724960536
20180911;2.1735239875425063;1.7650839387779345;1.7799050777453584;1.681030029458122
20180912;1.4067018310721133;1.2477570824317783;1.2541965860561701;1.2009588633436215
20180913;1.5796717939881135;1.4753937678151214;1.4696130574354909;1.3626301878117424
20180914;1.43236831918582;1.3272215860908196;1.3357016943981808;1.2201343556798265
20180915;1.7190772539615733;1.5854391849924305;1.5746387977029177;1.4866841237325286
20180916;1.3674317607345767;1.277570660386246;1.2640539161361937;1.2121712145129813
20180917;1.3762653774939302;1.2550854598062475;1.2425382982851152;1.2690883623004114
20180918;1.2816651316453935;1.208103241066433;1.2028718414500843;1.1858014654687152
20180919;1.6072785988039369;1.3065134100962297;1.2849943908496366;1.3824941140504134
20180920;1.5095382115476734;1.3941534239279296;1.4099424098145477;1.3663321824455
20180921;1.8244455717241834;1.4904503996466896;1.4951487627573252;1.5764986304895765
20180922;1.5998149112016102;1.43959035645126;1.4396811929672428;1.376947994235589
20180923;1.3389585952514202;1.1701531189669792;1.1700250369418954;1.1772603483220263
20180924;1.3040456258570432;1.0160603708199478;0.9980786325888624;1.2286369244869157
20180925;1.08563181050872;0.8731096500007844;0.8499418315061197;0.9698467889342252
20180926;1.11186246359291;0.9415711506407304;0.930420177031578;0.9717115953058589
20180927;1.0783083303267198;0.934201085631862;0.9010420589000472;0.9583395720298423
20180928;0.845091786369482;0.7662941824164219;0.7526738143692391;-9999
20180929;0.6208798194296713;0.5614565846055709;0.5522223864480973;-9999
20180930;0.8030411034111967;0.6970623737156856;0.6911432201435079;0.8212243958539935
20181001;0.857195477586842;0.729440722045811;0.7374641512257185;0.8044864697951698
20181002;1.5496241810466664;1.339894317169166;1.3593620181385522;1.3614687625092592
20181003;1.0443830284004767;0.7783356973647894;0.7751808243149626;0.7664828641431178
20181004;1.4445468899632468;0.5814358280990909;0.6631008286519802;0.8337051535594866
20181005;1.4650474255621966;0.8834150521470504;0.9377478378240256;1.1328057992994942
20181006;2.16479568210378;1.2111466025131896;1.2352349301100447;1.4764246062796442
20181007;2.2224774022874403;1.584096377690381;1.6298880994136655;-9999
20181008;1.1825559971881;0.9064338454297056;0.9247713958980985;0.888688769304167
20181009;1.2145099178785899;0.8718822646687147;0.8999516800126847;1.0742179437881192
20181010;0.986916953267027;0.8745465232392005;0.8689550427418828;0.8811298330015136
20181011;0.9534765285504814;0.8837834881407107;0.8949206255002985;0.8443068678860672
20181012;1.2431459605772266;0.9788487437163769;0.9847035942056319;1.0688159121784575
20181013;1.0345362895094865;0.7976841174637126;0.816659044443124;0.9958559733557109
20181014;1.1452008811670769;0.9604596129304428;0.9532576940305618;0.9846215904153413
20181015;-9999;-9999;-9999;-9999
20181016;0.9028226263749252;0.7425576722511898;0.7458169984170786;0.8224592802816206
20181017;0.929951360209364;0.7872162620825832;0.8173111227225544;0.8062111241854135
20181018;0.8621990765108624;0.7096380214564678;0.7015239842846934;0.8096428409932844
20181019;0.8469570693694631;0.5855738511646925;0.5738069476450078;0.7596158381738936
20181020;0.707253116312415;0.5435134378180709;0.5266640341645382;0.6721478166659416
20181021;0.792908286320568;0.5724881850441546;0.5721199917206085;0.7111294737348971
20181022;0.610566184858247;0.5692222552701646;0.5645579280319977;-9999
20181023;0.44094250132281504;0.40699580623897624;0.4059668723560598;-9999
20181024;0.596494040690792;0.49967329902652474;0.4588585121979722;0.50626746778546
20181025;0.6306134118979586;0.5465103620841866;0.5423849240769216;-9999
20181026;0.5666302059689258;0.4944021490181301;0.4893566017290488;0.5535594837900876
20181027;0.585046878399445;0.4715050125388151;0.46596325023391;0.5395994923305961
20181028;0.5202699994700777;0.46945362597145146;0.4685878362239993;-9999
20181029;0.5776959175544917;0.435900289604399;0.43786598055984255;0.5250935956616359
20181030;0.5365625935496783;0.39407427087481;0.38111788987283923;-9999
20181031;0.297900048740608;0.26169179444244367;0.2660735040531182;-9999
20181101;0.311776323593435;0.23789893564297973;0.25704633813595007;-9999
20181102;0.3737111913203373;0.30546689735325017;0.30739109710429063;-9999
20181103;0.43768306100642507;0.2853700129382211;0.2702048216494542;0.4130436866572681
20181104;0.388962621459328;0.27072668303104247;0.2552809529545688;0.36790970788557725
20181105;0.386522485330613;0.2806737260274261;0.25938358690651736;0.3522872532532186
20181106;0.20757797707941464;0.14979127041293563;0.15515613681230686;-9999
20181107;0.20496828255913335;0.10623176976575864;0.08649760065411702;0.18875324087578985
20181108;-9999;-9999;-9999;-9999
20181109;0.14472223359609068;0.06804668160541226;-9999;0.11917123232494746
20181110;0.111868427421051;0.03595780443800494;-9999;0.08198568309937478
20181111;0.08695630879564781;0.05596286691672672;0.0632275569615716;-9999
20181112;0.11590172646287633;0.06593062695028046;0.06130793744951381;-9999
20181113;0.11021080191490067;0.035523704813256646;0.04184545112001298;0.07878489037962252
20181114;0.0921418853337461;0.04150620662503588;-9999;-9999
20181115;-9999;-9999;-9999;-9999
20181116;-9999;-9999;-9999;-9999
20181117;-9999;-9999;-9999;-9999
20181118;-9999;-9999;-9999;-9999
20181119;-9999;-9999;-9999;-9999
20181120;-9999;-9999;-9999;-9999
20181121;-9999;-9999;-9999;-9999
20181122;-9999;-9999;-9999;-9999
20181123;-9999;-9999;-9999;-9999
20181124;-9999;-9999;-9999;-9999
20181125;-9999;-9999;-9999;-9999
20181126;-9999;-9999;-9999;-9999
20181127;-9999;-9999;-9999;-9999
20181128;-9999;-9999;-9999;-9999
20181129;-9999;-9999;-9999;-9999
20181130;-9999;-9999;-9999;-9999
20181201;-9999;-9999;-9999;-9999
20181202;-9999;-9999;-9999;-9999
20181203;-9999;-9999;-9999;-9999
20181204;-9999;-9999;-9999;-9999
20181205;-9999;-9999;-9999;-9999
20181206;-9999;-9999;-9999;-9999
20181207;-9999;-9999;-9999;-9999
20181208;-9999;-9999;-9999;-9999
20181209;-9999;-9999;-9999;-9999
20181210;-9999;-9999;-9999;-9999
20181211;-9999;-9999;-9999;-9999
20181212;-9999;-9999;-9999;-9999
20181213;-9999;-9999;-9999;-9999
20181214;-9999;-9999;-9999;-9999
20181215;-9999;-9999;-9999;-9999
20181216;-9999;-9999;-9999;-9999
20181217;-9999;-9999;-9999;-9999
20181218;-9999;-9999;-9999;-9999
20181219;-9999;-9999;-9999;-9999
20181220;-9999;-9999;-9999;-9999
20181221;-9999;-9999;-9999;-9999
20181222;-9999;-9999;-9999;-9999
20181223;-9999;-9999;-9999;-9999
20181224;-9999;-9999;-9999;-9999
20181225;-9999;-9999;-9999;-9999
20181226;-9999;-9999;-9999;-9999
20181227;-9999;-9999;-9999;-9999
20181228;-9999;-9999;-9999;-9999
20181229;-9999;-9999;-9999;-9999
20181230;-9999;-9999;-9999;-9999
20181231;-9999;-9999;-9999;-9999
20190101;-9999;-9999;-9999;-9999
20190102;-9999;-9999;-9999;-9999
20190103;-9999;-9999;-9999;-9999
20190104;-9999;-9999;-9999;-9999
20190105;-9999;-9999;-9999;-9999
20190106;-9999;-9999;-9999;-9999
20190107;-9999;-9999;-9999;-9999
20190108;-9999;-9999;-9999;-9999
20190109;-9999;-9999;-9999;-9999
20190110;-9999;-9999;-9999;-9999
20190111;-9999;-9999;-9999;-9999
20190112;-9999;-9999;-9999;-9999
20190113;-9999;-9999;-9999;-9999
20190114;-9999;-9999;-9999;-9999
20190115;-9999;-9999;-9999;-9999
20190116;-9999;-9999;-9999;-9999
20190117;-9999;-9999;-9999;-9999
20190118;-9999;-9999;-9999;-9999
20190119;-9999;-9999;-9999;-9999
20190120;-9999;-9999;-9999;-9999
20190121;-9999;-9999;-9999;-9999
20190122;-9999;-9999;-9999;-9999
20190123;-9999;-9999;-9999;-9999
20190124;-9999;-9999;-9999;-9999
20190125;-9999;-9999;-9999;-9999
20190126;-9999;-9999;-9999;-9999
20190127;-9999;-9999;-9999;-9999
20190128;-9999;-9999;-9999;-9999
20190129;-9999;-9999;-9999;-9999
20190130;-9999;-9999;-9999;-9999
20190131;-9999;-9999;-9999;-9999
20190201;-9999;-9999;-9999;-9999
20190202;-9999;-9999;-9999;-9999
20190203;-9999;-9999;-9999;-9999
20190204;-9999;-9999;-9999;-9999
20190205;-9999;-9999;-9999;-9999
20190206;-9999;-9999;-9999;-9999
20190207;-9999;-9999;-9999;-9999
20190208;-9999;-9999;-9999;-9999
20190209;-9999;-9999;-9999;-9999
20190210;0.777587673443422;0.5695323987806009;0.8198902002879171;0.5150710976571952
20190211;0.893340692073544;0.7899500938858872;0.7939905151464595;0.6217273326377709
20190212;0.4989214595381733;0.24484799686665515;0.23907084406910398;-9999
20190213;-9999;-9999;-9999;-9999
20190214;-9999;-9999;-9999;-9999
20190215;-9999;-9999;-9999;-9999
20190216;1.2480538905622867;0.9428390441277846;0.9391498112734653;-9999
20190217;0.7789082720150576;0.5823058775894255;0.5654561782884777;-9999
20190218;1.13047770865122;0.7609972405997879;-9999;-9999
20190219;-9999;-9999;-9999;-9999
20190220;1.0817954790947766;0.7168941446693244;0.7237502976405917;0.7545319009042795
20190221;-9999;-9999;-9999;-9999
20190222;-9999;-9999;-9999;-9999
20190223;0.8762212187071027;0.7237308984770885;0.7195758649521571;-9999
20190224;0.632346955816912;0.5096119160069451;0.513474627022844;-9999
20190225;0.4139115619055243;0.1830629335921186;0.18262067857529737;-9999
20190226;-9999;-9999;-9999;-9999
20190227;1.6262024715310732;0.8078089220470237;-9999;-9999
20190228;1.00303691252072;0.7356546492590104;0.7356373081200482;0.5478945146229319
20190301;0.845010453805649;0.5907651303806898;0.6071182124340831;0.3982089482402849
20190302;-9999;-9999;-9999;-9999
20190303;-9999;-9999;-9999;-9999
20190304;1.35997056460583;1.0511591388329564;1.0564580600547346;0.7281021113177606
20190305;1.5096058412724267;0.7967291221783617;0.6753019673985151;-9999
20190306;2.25849782543704;1.4537823364479627;1.50836533922988;-9999
20190307;0.9570764853093007;0.5383956766218643;0.5526840839567262;0.35382693398708137
20190308;2.2103095163233832;1.6919942543002933;1.7007135097229997;-9999
20190309;1.4747322694069966;0.9488932653336932;0.9629888532593585;-9999
20190310;1.6764358483725266;1.359163079205152;1.3464735650443187;0.8015510762359808
20190311;2.1858349580379066;1.8934865825622795;1.9272902271504793;1.231626935708327
20190312;2.0313059856294235;1.381385992553895;1.4131747255098872;-9999
20190313;2.5184904911425536;1.9260997270741624;1.9349135801363904;-9999
20190314;1.3636175519610099;1.1525674420322987;1.1475969899474294;0.8265841206862209
20190315;1.6579763217616534;1.3601957980951984;1.3510433090029377;1.0494580530197635
20190316;1.6194990986545899;1.2563757719801656;1.2608063007236237;0.9340299579827817
20190317;1.25568056336682;1.079383732657813;1.069140642280233;0.7857723385343575
20190318;1.3749150281766234;1.0389819448246607;1.016157443682741;0.8151259907811284
20190319;1.0385396460570233;0.5853586622958826;0.5978671649431405;0.6504822691805284
20190320;1.5341468233002569;0.9538726503760033;1.3017270503739133;-9999
20190321;2.2923549803918704;2.0377758842355753;2.023001458449377;1.0933007779656283
20190322;0.9947005910923142;0.6284379853994285;0.6030997465163266;0.5936958956401293
20190323;2.1701682478666338;1.7554905523410786;1.7886075549295848;-9999
20190324;1.5671481112119299;1.2438287676059347;1.2527799619749815;0.5294143453625171
20190325;1.3707191475232667;0.9720016245496632;0.9620907007219018;-9999
20190326;1.80790096126032;1.2727671163883758;1.2942284025224131;0.8699887665361109
20190327;-9999;-9999;-9999;-9999
20190328;1.9844283435063002;1.367702407742555;1.39398912979596;-9999
20190329;2.4314820460140765;2.066420712370162;2.0843608381285152;-9999
20190330;2.102660817873883;1.8164527030848074;1.8248759865527606;0.9611290706247351
20190331;1.82367470270862;1.4855549489220445;1.47307988223807;0.7780866905695358
20190401;1.5244172381635002;0.6529539895856096;0.6054105087128885;-9999
20190402;-9999;-9999;-9999;-9999
20190403;1.7931254985813798;1.578366112845521;1.5932514051943985;0.766996081307225
20190404;1.3594422349970399;1.0918551891727042;1.1023483249350423;0.618341930519476
20190405;1.14145170762791;0.4242355723379028;-9999;-9999
20190406;2.1045315420035102;1.6679792042849289;1.6755775877578052;1.2140254217650277
20190407;2.4405411062836366;2.139105877322074;2.13594097599729;1.0950504121948488
20190408;2.2160616463744933;1.5552136943317416;1.5381511096669767;1.1825238970534757
20190409;3.1375014403053068;2.498637538161169;2.493641000549486;-9999
20190410;2.890398883646444;2.5273513221437005;2.5164045701966584;-9999
20190411;2.0400780683481137;1.7641920434735168;1.7637977984278597;-9999
20190412;2.755918260156817;2.3597732057347547;2.3585632796496263;1.8840647584467225
20190413;1.6796917829951532;1.4351866483149596;1.3908353217645937;1.0828165513085253
20190414;2.5959814983206804;2.1728350858166983;2.16669561336431;1.548012829350399
20190415;1.4335037765045067;0.7129304973208068;0.7268509666715907;0.8297157104926962
20190416;2.283519569037787;1.963861958324956;1.9650943568918597;-9999
20190417;2.6755500064388698;2.511697938503606;2.5032385719229606;1.2316736107951438
20190418;2.4033312627206533;2.1426211407993048;2.137657537622029;1.335209326733309
20190419;3.0377562069205335;2.5284617581654145;2.4575226424894834;1.749888373557899
20190420;2.2418508517742803;1.9490863475815694;1.942104246095224;-9999
20190421;2.9757770887394166;2.754110410679315;2.765650287795679;1.8509192119296385
20190422;3.033458082846243;2.3594252106765627;2.331696799632938;-9999
20190423;1.72786843394194;1.3593883623043852;1.3441021113593346;1.0627584589231744
20190424;2.23740465447711;1.7650978849157444;1.770699833895559;1.5350832551320086
20190425;3.0265518328488796;2.6064049364949238;2.6068185326330386;1.8224002964634354
20190426;2.8786743050448904;2.616477484674287;2.621531597670741;1.5473334291637466
20190427;2.7539155552561865;2.4973417821616075;2.4994663413133904;1.8917104031345815
20190428;2.224131339273317;2.0916980288983233;2.079101497765694;1.2020159141751767
20190429;2.8082745998418566;2.653654595388443;2.644023668551631;1.7303057223564602
20190430;1.6371565283523368;1.4305767639904932;1.4156716461149124;1.110176367972896
20190501;2.5563015727717198;2.337957760221325;2.306050356327048;1.5720054967172137
20190502;-9999;-9999;-9999;-9999
20190503;-9999;-9999;-9999;-9999
20190504;-9999;-9999;-9999;-9999
20190505;-9999;-9999;-9999;-9999
20190506;-9999;-9999;-9999;-9999
20190507;-9999;-9999;-9999;-9999
20190508;-9999;-9999;-9999;-9999
20190509;-9999;-9999;-9999;-9999
20190510;-9999;-9999;-9999;-9999
20190511;-9999;-9999;-9999;-9999
20190512;-9999;-9999;-9999;-9999
20190513;-9999;-9999;-9999;-9999
20190514;-9999;-9999;-9999;-9999
20190515;-9999;-9999;-9999;-9999
20190516;-9999;-9999;-9999;-9999
20190517;-9999;-9999;-9999;-9999
20190518;-9999;-9999;-9999;-9999
20190519;-9999;-9999;-9999;-9999
20190520;-9999;-9999;-9999;-9999
20190521;-9999;-9999;-9999;-9999
20190522;-9999;-9999;-9999;-9999
20190523;-9999;-9999;-9999;-9999
20190524;-9999;-9999;-9999;-9999
20190525;-9999;-9999;-9999;-9999
20190526;-9999;-9999;-9999;-9999
20190527;-9999;-9999;-9999;-9999
20190528;-9999;-9999;-9999;-9999
20190529;-9999;-9999;-9999;-9999
20190530;-9999;-9999;-9999;-9999
20190531;-9999;-9999;-9999;-9999
20190601;-9999;-9999;-9999;-9999
20190602;-9999;-9999;-9999;-9999
20190603;-9999;-9999;-9999;-9999
20190604;-9999;-9999;-9999;-9999
20190605;-9999;-9999;-9999;-9999
20190606;-9999;-9999;-9999;-9999
20190607;-9999;-9999;-9999;-9999
20190608;-9999;-9999;-9999;-9999
20190609;-9999;-9999;-9999;-9999
20190610;-9999;-9999;-9999;-9999
20190611;-9999;-9999;-9999;-9999
20190612;-9999;-9999;-9999;-9999
20190613;-9999;-9999;-9999;-9999
20190614;-9999;-9999;-9999;-9999
20190615;-9999;-9999;-9999;-9999
20190616;-9999;-9999;-9999;-9999
20190617;-9999;-9999;-9999;-9999
20190618;-9999;-9999;-9999;-9999
20190619;-9999;-9999;-9999;-9999
20190620;-9999;-9999;-9999;-9999
20190621;-9999;-9999;-9999;-9999
20190622;-9999;-9999;-9999;-9999
20190623;-9999;-9999;-9999;-9999
20190624;-9999;-9999;-9999;-9999
20190625;-9999;-9999;-9999;-9999
20190626;-9999;-9999;-9999;-9999
20190627;-9999;-9999;-9999;-9999
20190628;-9999;-9999;-9999;-9999
20190629;-9999;-9999;-9999;-9999
20190630;-9999;-9999;-9999;-9999
20190701;-9999;-9999;-9999;-9999
20190702;-9999;-9999;-9999;-9999
20190703;-9999;-9999;-9999;-9999
20190704;-9999;-9999;-9999;-9999
20190705;-9999;-9999;-9999;-9999
20190706;-9999;-9999;-9999;-9999
20190707;-9999;-9999;-9999;-9999
20190708;-9999;-9999;-9999;-9999
20190709;-9999;-9999;-9999;-9999
20190710;-9999;-9999;-9999;-9999
20190711;-9999;-9999;-9999;-9999
20190712;-9999;-9999;-9999;-9999
20190713;-9999;-9999;-9999;-9999
20190714;-9999;-9999;-9999;-9999
20190715;-9999;-9999;-9999;-9999
20190716;-9999;-9999;-9999;-9999
20190717;-9999;-9999;-9999;-9999
20190718;-9999;-9999;-9999;-9999
20190719;-9999;-9999;-9999;-9999
20190720;-9999;-9999;-9999;-9999
20190721;-9999;-9999;-9999;-9999
20190722;-9999;-9999;-9999;-9999
20190723;-9999;-9999;-9999;-9999
20190724;-9999;-9999;-9999;-9999
20190725;-9999;-9999;-9999;-9999
20190726;-9999;-9999;-9999;-9999
20190727;4.854606839869567;4.593152341689384;4.810018421562618;-9999
20190728;-9999;-9999;-9999;-9999
20190729;4.720766698759326;4.443082824665067;4.617964542512305;-9999
20190730;4.385663766836067;4.224664418054476;4.278204009070909;3.053846855263224
20190731;4.312118483398003;4.159962827459294;4.328427847147162;-9999
20190801;4.4143273626397965;4.326743819264789;4.363146644717435;3.1088839258380454
20190802;4.280845486927666;4.177083499409591;4.17424632109033;2.8705520355610528
20190803;-9999;-9999;-9999;-9999
20190804;4.31261087452945;4.1235671834297305;4.367418194012846;-9999
20190805;3.895717677580896;3.785011948022919;3.7915750657278626;-9999
20190806;4.797363616842913;4.465145067109663;4.531482003161922;-9999
20190807;4.58883360412885;4.416006811880994;4.557650504075439;3.2746171470534127
20190808;3.9240793372075067;3.715530795921839;3.72984371646;2.9232796792403586
20190809;4.0521077789356;3.8982574977487485;3.8907641887200874;3.072933094519867
20190810;4.08110733226561;3.9724097440706685;3.9756239913562528;-9999
20190811;3.9380251858147304;3.8238087295071446;3.801563251660727;2.8553223248910955
20190812;4.33659118223426;4.193530650218837;4.308320627473638;3.277806545965187
20190813;-9999;-9999;-9999;-9999
20190814;4.486305517538839;4.267639569796237;4.289544721700577;3.6909097728815157
20190815;-9999;-9999;-9999;-9999
20190816;-9999;-9999;-9999;-9999
20190817;4.283475166174227;4.174038672264626;4.20982702599219;2.945365412092474
20190818;3.6865895282399763;3.4823824821589526;3.571631281695814;2.6814072942297584
20190819;3.4275868149523006;3.3409058588799767;3.3378557092785406;2.460222107323482
20190820;3.7101807762081034;3.552659154738678;3.5936086230851574;2.5665150442858744
20190821;4.0276598802710035;3.897439209755606;3.9426659732097806;-9999
20190822;4.06438600616363;3.933420491884458;3.92575160756194;2.8053539901562647
20190823;4.517846459893177;4.276282669664437;4.373019639969211;-9999
20190824;4.156666878186133;3.888838021759048;3.9682254870515763;3.259319479422996
20190825;4.459950507264677;4.048750993426097;4.063102815629423;3.347797305420059
20190826;-9999;-9999;-9999;-9999
20190827;3.5307429307504434;3.0472161100980535;3.080644266316099;-9999
20190828;3.356284983880047;3.1206616052257363;3.140090002846141;2.6007362913227507
20190829;3.2471436809508805;3.1506065048064174;3.1755444861635804;2.4319874692488654
20190830;3.0401550615922965;2.970651840637646;2.9702192304540014;2.2963819396417047
20190831;3.119556518813363;3.0383973279832692;3.041035670676605;-9999
20190901;2.71635578632552;2.420034978225334;2.472665271499603;2.2237280730302493
20190902;2.280085019187507;1.9451956446260104;2.0091575947815237;-9999
20190903;1.94020870578086;1.7375363151007952;1.7417309251323223;1.6931326777649813
20190904;1.8456089128104998;1.2041698125299871;0.9604480000161472;1.2874325183035193
20190905;2.6515668581498937;2.144220128325744;2.1289950028069757;2.0922827155643087
20190906;2.80035190657844;2.4962614653486663;2.5055887457964823;1.7120245462522603
20190907;2.0242848654761;1.7318377869442119;1.7470622968747909;-9999
20190908;2.1435513061463065;1.8730486074561037;1.8936083017755336;1.436162476119522
20190909;2.406289562223237;2.104312180873053;2.115232098220892;1.7499655731472779
20190910;1.8394049105089065;1.720521324262505;1.7388163603558997;1.1653067429272557
20190911;2.5178732409438864;2.2183331953436185;2.2109999705027596;1.7838882358767931
20190912;2.38906919614805;2.1819192793026114;2.1833659726004893;1.7237081966695615
20190913;2.76150149494192;2.2249849277677;2.2450374039708447;1.8599008363474536
20190914;2.6072377400083933;2.2741420278232614;2.332516954435852;-9999
20190915;2.6604032409059504;2.3526417525273406;2.3356071489784567;2.0287937615871336
20190916;1.719434396486087;0.45197423879466175;0.4872841365117325;-9999
20190917;2.7214293681015165;1.5465179010630452;1.7188657951280313;1.4456151071676644
20190918;1.6507744317422468;0.9352944683943223;0.9332740802598366;-9999
20190919;2.74416323690586;1.961634743515622;2.0352714122011313;1.5872542338058677
20190920;2.5855909232571164;1.9130927079248148;1.9853448216888052;1.4899379398623653
20190921;2.0905303737807337;1.6302110758634039;1.6878665430900646;1.2447123468312469
20190922;2.2569251791057234;1.652200260886677;1.6923132341176992;1.647406055373628
20190923;2.87077676089963;2.332537629636054;2.341920067927797;1.913050070277304
20190924;2.5602163388161467;2.1056186515694604;2.1160312271354886;1.861237909469257
20190925;2.5192423592946436;2.059403661404339;2.087868414282025;1.499994512786509
20190926;2.70564275408825;2.2296448308418118;2.2602546045395977;1.920690403538346
20190927;1.8001313987162468;1.5281805007774965;1.5481477002659332;1.3044129294329734
20190928;1.7964382280687268;1.4352616986054518;1.4127998733943468;1.2210323932297784
20190929;1.76724110557783;1.4796947536385265;1.4764990674779372;1.2671605767167082
20190930;1.5548850916240466;1.336022777544124;1.3256126291948696;1.1342407038690432
20191001;1.3067432757710167;1.1252505898778986;1.1285558473655501;0.9364953090846784
20191002;1.2460840707915501;1.0239943717268558;1.0163255274975687;0.9694537547263415
20191003;1.2096291436806135;1.0416443752993048;1.0810351453343525;1.0787347255420772
20191004;1.2292089791720133;0.9559895600824722;0.9493010314845064;0.9678574905804463
20191005;1.03886023010134;0.8270068499276888;0.8325431963644586;0.869630566550921
20191006;0.993262869523014;0.8495550117998204;0.8409608684109287;0.8592441071066214
20191007;1.6884421568258101;1.3987685597477282;1.446406273602143;1.3317096799915598
20191008;1.5510010572889168;1.2162103226530434;1.2043860046882404;1.2757197199045978
20191009;1.7368508324385832;1.3973737685481367;1.3985024042465175;-9999
20191010;1.13646241440497;0.9209066189328099;0.9148019862755495;0.9607676664701151
20191011;1.0118242284508867;0.8180927806690969;0.8423453538914842;0.843499509430415
20191012;0.8666921995622247;0.6920587776709458;0.7207782817360323;0.8252711389133295
20191013;0.9303756839869433;0.7291185894622837;0.709135697126945;0.7854839807728576
20191014;1.1780166605598865;0.9991992353419042;0.9861516517877038;0.9621477861629552
20191015;1.13715267721063;0.9913789450771031;0.97864045528979;0.8980166231421982
20191016;0.9653371091998393;0.7804500002788264;0.7678941909437697;0.8123682566134753
20191017;1.2562926895595368;1.0971984044498535;1.0794504594013798;0.8802699402048332
20191018;0.9078116812405956;0.8114321164884037;0.8008949006184601;0.7646471673957602
20191019;0.6975211928339831;0.5994537631782383;0.6001711851183286;0.5411740326413671
20191020;1.3125837585744702;1.1038551600488349;1.1156324452815527;1.069284646710636
20191021;1.1344617038698235;0.8832247913632038;0.881061480799958;0.9241158297339522
20191022;0.7196141653967789;0.6071946802749404;0.6089123530124435;0.6922012792272788
20191023;0.8329751732418508;0.686732809823734;0.6796081123782508;0.7499501239988029
20191024;1.1088888975161333;0.9069757851242718;0.9278684371040278;0.9043971498769581
20191025;1.15267868272678;0.8943313212954501;0.9294308687152226;0.88369584597517
20191026;1.2009151879061533;0.9496969616502393;0.9583538899578505;0.9373272641882657
20191027;1.8818626134135599;1.0548007786974811;1.0701317556841943;-9999
20191028;0.6252981396349587;0.45006689120585747;0.44935730689277686;0.522352646078025
20191029;0.7111937547635834;0.3940763274198205;0.3843148202840022;0.6102155726316143
20191030;0.3785259043992227;0.23777080541386544;0.24865519887603377;0.3277863655680342
20191031;0.46864774889433036;0.2836992166283958;0.2914618506746569;0.3809308540003214
20191101;0.27770106803786704;0.19568616227905725;0.19193496267619814;0.26730337021019696
20191102;0.3574973336819797;0.16048476041305343;0.15604897416434071;0.32430418043553433
20191103;0.33488133895184474;0.20095187224562974;0.20381070765046533;0.29035629445761424
20191104;0.30998643620435534;0.2071337058655535;0.20330894362691534;0.27029890192315725
20191105;0.2723943089820717;0.17413615685165437;0.1729477340021489;0.2376408630502201
20191106;0.25889700109136365;0.13971437653132415;0.18297408663392795;0.2100410232814187
20191107;0.283043412083473;0.16081979792629425;0.16799556515454414;0.282649449904472
20191108;0.41666954500878034;0.1812496033105492;0.1962223716243348;0.3115172562950094
20191109;0.551410204518946;0.31380467342690627;0.3284210940669346;0.4250659907763175
20191110;0.526882122681792;0.280869899338384;0.32172536646305444;0.3335038850804829
20191111;0.41482101146736333;0.25081695841951873;0.2610399586071632;0.3543826675553554
20191112;0.4087500823527587;0.23019706613902646;0.2430351535809988;-9999
20191113;0.42293399629466927;0.17661751055505792;0.20341236536722024;0.42405834345089943
20191114;0.42545320221059796;0.28856313888527235;0.2878133832869116;-9999
20191115;0.40759253626192066;0.27912697888316107;0.2858451739292249;-9999
20191116;0.30384371499584334;0.19281518314216392;0.1924705368588729;-9999
20191117;0.31999786105119965;0.204743449966534;0.21789254683474552;0.2626580035245705
20191118;0.436317634809717;0.2255953376498899;0.23880933037642502;-9999
20191119;0.35389393841236666;0.24268925922466034;0.24185029542637018;-9999
20191120;0.632779637889746;0.3135940206927699;0.3261331367229127;-9999
20191121;0.19152160776922866;0.13692751468188163;0.14026387222411288;-9999
20191122;0.254063244239346;0.14735865529366396;0.16224117216971848;-9999
20191123;0.28564884142580965;0.14809353748039325;0.13203155142882736;-9999
20191124;0.2528911772888447;0.13689419644678832;0.1641444061138203;0.2075944601112575
20191125;0.6047965387515627;0.295686640615986;0.28665691444606933;0.5440667123733985
20191126;0.23591234675081899;0.07354268436036653;-9999;-9999
20191127;0.8262601877158297;0.22280797462280935;0.21271318980338574;-9999
20191128;0.5440134833996234;0.15254513394092953;0.18566297823453165;0.3054392785461634
20191129;0.526759131657649;0.24735280544329433;0.23415109280905835;-9999
20191130;0.8954701414217681;0.20224384803682893;0.1663782141732571;-9999
20191201;-9999;-9999;-9999;-9999
20191202;-9999;-9999;-9999;-9999
20191203;0.33994616854195864;0.04978009664095388;0.09273017258445515;0.1442671270989745
20191204;-9999;-9999;-9999;-9999
20191205;0.6624697678903549;0.15009489070849583;0.184360240285477;0.3529602539808862
20191206;1.1111299608156868;0.2906515117607831;0.26313835943377134;0.824074139701292
20191207;1.0077344786831033;0.29022638075955465;0.19995900787890206;-9999
20191208;0.9495421978594263;0.31287042711612395;0.31074857893803726;-9999
20191209;0.5017259548334213;0.19239485191404257;-9999;-9999
20191210;0.538965430920877;0.23284238014541145;0.25862240860625796;-9999
20191211;1.13370864641345;0.7642104063394372;0.7658201466525073;-9999
20191212;0.7618146374296213;0.1959956876533576;0.20967252646861265;0.45693925902468896
20191213;-9999;-9999;-9999;-9999
20191214;0.612679225710044;0.25461977097486815;0.25263140794396094;0.314679292922418
20191215;0.621368854388786;0.28536837931991627;0.2733311097511199;-9999
20191216;0.42670532265974065;0.23278770032723758;0.27770321970217887;-9999
20191217;0.5238633422323403;0.20634752672872742;0.1973027375406668;0.3083963945219801
20191218;1.9000959469891099;0.39966649035024215;0.3732889247838294;-9999
20191219;0.4194497130924327;0.2708339386707714;0.29196932362568395;-9999
20191220;0.421506371154178;0.25607979915670115;0.2565969111973966;-9999
20191221;0.35089477963175536;0.13708527163831344;0.1452723160369263;-9999
20191222;-9999;-9999;-9999;-9999
20191223;0.49196293071841596;0.3555726063149398;0.3534774649186635;-9999
20191224;0.5746048941982327;0.3007896720122703;0.2926129835622476;-9999
20191225;0.7378927237934777;0.2997685992294037;0.28659279325717935;0.5035920604059151
20191226;0.6525021168014216;0.5161370920321379;0.515748101779454;0.40914993350348466
20191227;0.379934892950801;0.28663617587570717;0.31432158750067685;-9999
20191228;0.39305789162272325;0.2711022009819723;0.27442671661052326;-9999
20191229;0.49143830913397296;0.26801432925438545;0.25949681811694286;0.3120007333540316
20191230;0.303765724664849;0.22164833984159216;0.22489143282669552;-9999
20191231;0.368463008273763;0.2364611556824191;0.2427135201155236;-9999
20200101;0.35484656060193265;0.277087524909643;0.3037379555134943;-9999
20200102;0.564840873276253;0.3271874392203054;0.3353906373332644;-9999
20200103;0.3936852156683293;0.2880440567693963;0.27530131839953326;-9999
20200104;-9999;-9999;-9999;-9999
20200105;0.6248244509642801;0.3337969375494393;0.41805794151763315;0.3810199003498502
20200106;0.342576875838325;0.22646980130441247;-9999;-9999
20200107;0.3422701328395686;0.1692884069873511;0.20718428697710814;-9999
20200108;0.15843466268430564;0.10414291006773689;0.1054554056951403;-9999
20200109;0.689486949906874;0.25653922460829415;0.2564380124344761;-9999
20200110;0.508646175767085;0.38250108420489504;0.3780121316198084;-9999
20200111;0.636524060683432;0.4738002637892348;0.4643234771388349;-9999
20200112;0.46961381137466135;0.35517725474360773;0.3563800763138113;-9999
20200113;0.788516033831821;0.5049607257354616;0.5029522829931456;0.4762370054689816
20200114;0.7650710427577959;0.5977550394438488;0.5749827194296973;0.47555588056836756
20200115;0.4172170017146364;0.3039200104282743;0.3032942052579029;0.25862505727367885
20200116;-9999;-9999;-9999;-9999
20200117;0.6103451302730877;0.5030915213450132;0.5287649205682843;-9999
20200118;0.5895365141731451;0.48115013899223175;0.4712205350230639;-9999
20200119;0.21051291308920198;0.14184108079562482;0.138302709400481;-9999
20200120;0.27727960350627506;0.19704463766393662;0.19411451091419632;-9999
20200121;0.4557429994384723;0.2805063906329499;0.2656199175049105;-9999
20200122;-9999;-9999;-9999;-9999
20200123;0.2815067166816117;0.12412304845890257;0.1528091926858688;-9999
20200124;0.8981055166012853;0.3182768943286228;0.38277606573117984;-9999
20200125;0.444148642509085;0.23108665234892833;0.311588881569119;-9999
20200126;1.2974718789741833;0.8921315898618639;0.855264642216243;-9999
20200127;0.9506827116880904;0.7198520649174519;0.7135451894756707;-9999
20200128;0.6324319742039161;0.3553433835231057;0.3532402944047699;-9999
20200129;1.3922207318200999;1.2238546846978688;1.222044333098932;-9999
20200130;0.938767518373759;0.7586026677384897;0.7848842614594854;-9999
20200131;0.7352161561111398;0.6094610201376189;0.646677846837033;-9999
20200201;0.776342807674669;0.6521626139538349;0.6604033826510399;-9999
20200202;1.0314244811690731;0.6499795433367418;0.6777857849982973;-9999
20200203;1.61080563247351;1.1009880000598444;1.1014761385951197;-9999
20200204;0.7104675993883047;0.5404793657014227;0.5455316587600665;0.5470329289048169
20200205;0.636617740392401;0.479005855908543;0.47630115273480655;0.4243720839173624
20200206;0.7025803191950707;0.6044177802517536;0.6154249194306238;-9999
20200207;0.7189037590551184;0.6348546051116105;0.6332890915609054;-9999
20200208;0.774722309536343;0.6061908072345655;0.6042257669557891;0.41718644572213526
20200209;1.5005781246799035;0.8743473047439172;0.8378790714638532;-9999
20200210;1.0615029109174332;0.7784688796113937;0.7557442651883641;-9999
20200211;0.6383377526087363;0.48643546891577133;0.48234370762521145;0.45961299399903666
20200212;0.6501099841831716;0.5764854551266443;0.5778564916232375;0.4761172420348646
20200213;0.6816492231997276;0.6035678605178497;0.6000375049770078;0.48126376433880197
20200214;0.6780267969417481;0.6124483968482378;0.6166228853746772;-9999
20200215;0.6620831579664167;0.5585686686506799;0.540891914190576;0.40352841363731723
20200216;0.875687952274708;0.7466396783628018;0.7299461212426067;0.7012799064346198
20200217;1.1647689218670731;0.88787390288061;0.8694182489050526;0.8419578477498005
20200218;0.8052698449011574;0.6479647186636424;0.6659546605512671;0.67613771822786
20200219;0.6993254696293869;0.602385595391645;0.580199536677324;-9999
20200220;0.7764249442011514;0.6976344424210291;0.688897828282245;0.5675370817263088
20200221;0.964028874940572;0.7729360192130362;0.7610505026861475;0.6669488852576048
20200222;1.0273478175413933;0.8778568262460812;0.8427422840872979;0.767228395430227
20200223;0.7210146669048446;0.6684279024410971;0.6649563277501106;0.5560170667767063
20200224;1.12852367672584;0.9807697472500796;0.9459312367355726;0.7940855185918823
20200225;0.6805459703392512;0.5958596426179381;0.6228501623044074;-9999
20200226;0.648650114416175;0.568649135054881;0.5600158827529078;0.5563077499445516
20200227;0.752035462907187;0.6046346302707859;0.5975628661764375;0.641219975296874
20200228;0.7064956138270265;0.5933464084031761;0.5925996072561384;-9999
20200229;1.0509942941935266;0.8748391854407335;0.8636534237742074;0.8123642271163836
20200301;0.5340974085730231;0.33247871459618883;0.33253607643922467;0.4039393560470795
20200302;1.29323939927429;0.8851977911606488;0.8560217658122214;-9999
20200303;0.6818060635662037;0.5975126436285075;0.6028109528289811;0.6267684811877681
20200304;0.776591140971809;0.7348947630508196;0.7312850532178381;0.6190340781989222
20200305;0.9275568885149004;0.8418932812783498;0.8356066978805152;0.7110545203197518
20200306;0.8390548540208412;0.7610200691591437;0.7514510358650729;-9999
20200307;-9999;-9999;-9999;-9999
20200308;1.1862385169618166;0.8790111093947736;1.0408497111411195;-9999
20200309;1.0509385012126236;0.8492754602269141;0.8544933866243988;0.6854148886571435
20200310;1.2997260678970768;1.1054905371977517;1.1208694104203678;0.8559042256792839
20200311;1.2512075363094166;1.0529736054951284;1.0477849689958398;0.7421568862964398
20200312;1.22550347482278;1.0351514666015353;1.0470310669945777;0.904518951435923
20200313;1.0848933493895865;0.8033946056853121;0.7399881629003724;0.8047758150944102
20200314;-9999;-9999;-9999;-9999
20200315;-9999;-9999;-9999;-9999
20200316;-9999;-9999;-9999;-9999
20200317;1.9207220877941902;1.5234158480811988;1.5046186448345809;-9999
20200318;1.20332341679243;0.9817630760984386;0.9942447390941986;0.5701195207115443
20200319;2.13755444869011;1.8470014691052152;1.8426783777274038;0.802882899407979
20200320;1.7251172093865499;1.3812605924613262;1.3889716181398668;0.9589845329778489
20200321;1.57654819697772;1.19771585553558;1.182806353175837;0.9685311843885258
20200322;1.2042329657584199;1.0386711137506621;1.022909233591907;0.6951287536329182
20200323;1.2742627762880598;0.9562685359879699;0.9438642586044509;-9999
20200324;1.25098453969834;0.6337190263378043;0.6015236204284523;0.8115470425168838
20200325;1.9384283522648733;1.5114157858932509;1.4546844880743748;1.2221575270678264
20200326;0.954149532542227;0.6561287177443217;0.6489803707680806;0.5933798536780609
20200327;1.2038231465849734;0.868934120875776;0.8627110637887199;0.830888054126059
20200328;1.55619160325777;0.4192908565978156;0.4479322964179223;-9999
20200329;1.4625478599304766;1.1360085163143756;1.1491366746862999;-9999
20200330;1.2215190461742667;1.0451460222353604;1.0447922452288292;0.8465914004696506
20200331;1.1194565976945865;0.9577848000234473;0.9534363155297315;-9999
20200401;1.47980966589985;1.2805074245906298;1.276368908414819;-9999
20200402;2.134553467586137;1.9512283654231837;1.9485992562876135;-9999
20200403;1.57323330440366;1.3605166934087662;1.3585184381258049;1.009029274544184
20200404;-9999;-9999;-9999;-9999
20200405;-9999;-9999;-9999;-9999
20200406;-9999;-9999;-9999;-9999
20200407;2.5814456029243065;2.057353007170096;2.0964746284169395;1.067220823395759
20200408;1.6332849532419569;1.3751168238802907;1.3801978063637184;0.8090807754316538
20200409;1.7058358942235934;1.2636698076320731;1.2735872479851118;-9999
20200410;2.1471983439888533;1.8623820768870696;1.8480628677619475;-9999
20200411;1.83188166938146;1.630906038365508;1.6207122864211227;-9999
20200412;1.40880869251752;1.276522670204668;1.2662266096530035;0.6727352320960832
20200413;2.2296352356898663;2.0436706218818124;2.034093668227927;1.1873314256453351
20200414;2.1431197595838065;1.8559101293238989;1.8468087377875426;1.5801876480369994
20200415;2.1085492413913864;1.8260968064414311;1.9754403406890662;1.411272809794021
20200416;1.6464824553898767;1.204854786344316;1.2601454290490144;0.8084500130141187
20200417;2.1037824307246598;1.6239692609853567;1.6581680477574163;-9999
20200418;1.95738924922955;1.5328779740258118;1.5502631957198219;-9999
20200419;1.84207751617236;1.5378202684036013;1.554573179944629;-9999
20200420;1.6300671861712368;1.348534809956309;1.347626231758417;-9999
20200421;1.9150947230209334;1.7198789733654807;1.7131942434198717;1.359190934556924
20200422;1.88194756998024;1.6472735473656486;1.6364611182679119;1.2300688956831831
20200423;2.307037771840013;1.831831239205816;1.8017505277773673;1.8610486626596499
20200424;3.2262378227215667;2.8514717527261184;2.8525197825622315;-9999
20200425;2.6186468564516265;1.9910183197801659;1.9797578168568017;1.7351029027483182
20200426;2.7550409202016564;2.400024546972873;2.405692739130448;1.8744118040316364
20200427;2.6265452973354964;2.218526927193635;2.220217823270654;1.9201133081239603
20200428;2.3362357907703766;1.8858069476412587;1.898619662810482;1.5111313742896144
20200429;1.9881454319568332;1.5387446844892017;1.5500391840747794;-9999
20200430;2.628524783755563;1.9952007748265135;1.8866056923248047;1.9803358945167409
20200501;2.2364353977429836;1.7357473437824364;1.7201902149719992;1.9889143354245056
20200502;2.4707672286002302;2.057136397433681;2.068024564664078;-9999
20200503;2.6438729666614234;2.257371715426833;2.268993466692584;2.04103855226534
20200504;2.1154997335192633;1.551061462865553;1.5213538672295428;-9999
20200505;1.87866497333222;1.447582396973611;1.374534395375136;1.6620553152556907
20200506;2.74590429893239;1.834886328635189;1.8790685266002967;-9999
20200507;1.8303991081168833;1.4334279059109962;1.4438725065786533;1.3801652387962944
20200508;1.90754083324664;1.363868152477425;1.381289515546833;1.3473820350091363
20200509;2.6296497936656436;2.1929666478781473;2.210571213282981;-9999
20200510;2.205141424955713;1.9652869408286895;1.9204003234544573;1.7554210465389173
20200511;1.380409751906803;1.0732293352067657;0.980751729658659;0.9627590691338621
20200512;1.7544550632761835;1.1826419225744902;1.054286808606857;-9999
20200513;1.0730544734498269;0.8677678193242002;0.8890511335741478;0.7677911482225693
20200514;1.25675966564421;1.103829645510418;1.0899694663329764;0.9192006630261453
20200515;2.0289202713393535;1.5553570345386165;1.5034770723034698;1.6582350915188406
20200516;2.0939654791157634;1.7043043083778822;1.6937069782491296;-9999
20200517;1.55022060535697;0.7403490112221938;0.8651304778101303;-9999
20200518;-9999;-9999;-9999;-9999
20200519;2.5096461201590134;1.31275430248471;1.4335130744713787;-9999
20200520;2.23317356531622;1.6494910427542542;1.6911585627107215;0.9158814706001671
20200521;2.78275396919245;1.9067984725838454;1.9648540434372794;1.368158565219911
20200522;2.845877331516317;2.1829904976744237;2.118654977287772;-9999
20200523;3.0073606966483637;2.3970067225625904;2.417249725709578;-9999
20200524;2.1982708389714802;1.4877492467569535;1.4846152172717393;1.875674228779904
20200525;2.4570217737095263;1.603714963331011;1.7137984782080276;2.0483117564774074
20200526;3.0369205289244263;2.0418072950527817;2.111250777562249;2.373037723425021
20200527;3.0876614176206196;1.9060776095661354;1.9074637579861553;2.095710896828603
20200528;3.4760677462108602;2.339008142203226;2.4076867303089906;-9999
20200529;2.3039189252304233;1.682520976620574;1.6827717164318616;-9999
20200530;1.2533548333635867;1.0501883079992;1.3200462863544802;-9999
20200531;1.1701853966659368;0.7092424395818663;0.637975713213361;-9999
20200601;2.22388341121697;1.7601670798585178;1.7476197514680518;1.6372098098088586
20200602;2.30201507256524;1.7202991465923332;1.726629099766782;1.7210266037391502
20200603;3.1702754026805238;2.5745964993399606;2.5928400991546563;2.6854811472308904
20200604;2.961883159726053;2.2424914939228584;2.3475676200111266;2.0118741109291296
20200605;2.1633577896709166;1.5688412882268599;1.4448783006759605;1.6745393981030094
20200606;2.1547188070771734;1.7515819259233663;1.729849890525665;-9999
20200607;1.6796669013519931;1.375914329893139;1.3615506265696196;-9999
20200608;1.7443527701694599;1.434650043002267;1.404457615994554;1.4795065481873595
20200609;1.7959948495704534;1.2112034526388535;1.121238374787593;1.5117677905670532
20200610;2.030474268106417;1.4825662237498896;1.4381851902694058;-9999
20200611;2.234246597879087;1.620278501597873;1.5510102406388047;1.9295227814007325
20200612;1.9328349326439802;0.9968064747715247;0.8156413584991195;1.572781789068683
20200613;1.7486566836124366;1.4170013425908143;1.4164874055338244;-9999
20200614;1.2662655840539367;1.0596322095214155;1.059342246295773;-9999
20200615;1.74281395358326;1.4183225485733553;1.4013284931675147;-9999
20200616;1.6256509236283767;1.3789857975659858;1.3859756364519675;-9999
20200617;1.84720463787323;1.4879796724197187;1.4928025503567393;-9999
20200618;1.55193928067743;1.1481905358466769;1.1591234895434892;-9999
20200619;2.044952142230807;1.470485233906209;1.4609443711163967;-9999
20200620;1.5490915604416367;1.1902972500441658;1.1656074959787588;-9999
20200621;1.1135840581609966;0.7227243942075033;0.6315896396868351;-9999
20200622;-9999;-9999;-9999;-9999
20200623;-9999;-9999;-9999;-9999
20200624;1.6464890666692902;1.2172519223322547;1.2269396394499523;-9999
20200625;-9999;-9999;-9999;-9999
20200626;-9999;-9999;-9999;-9999
20200627;-9999;-9999;-9999;-9999
20200628;1.2724151358547535;1.053898087356606;1.0462999457742463;-9999
20200629;1.9011937454756165;1.5120771209411843;1.5307050890424783;-9999
20200630;-9999;-9999;-9999;-9999
20200701;-9999;-9999;-9999;-9999
20200702;1.84492582752116;1.5382788517716222;1.531240837705174;1.403209166790261
20200703;1.6388279001061468;1.4464196197479415;1.442840864457334;1.2923050353530299
20200704;-9999;-9999;-9999;-9999
20200705;-9999;-9999;-9999;-9999
20200706;-9999;-9999;-9999;-9999
20200707;1.5119937913327732;1.2565514449123887;1.2607286817713084;1.2025883442314718
20200708;-9999;-9999;-9999;-9999
20200709;-9999;-9999;-9999;-9999
20200710;-9999;-9999;-9999;-9999
20200711;-9999;-9999;-9999;-9999
20200712;-9999;-9999;-9999;-9999
20200713;-9999;-9999;-9999;-9999
20200714;-9999;-9999;-9999;-9999
20200715;1.7186424684174035;1.414924734097138;1.3966289760841435;-9999
20200716;1.9513698855800568;1.6357727713083212;1.6254636055630183;-9999
20200717;1.7387338201385434;1.4838753677491316;1.4873830019712986;-9999
20200718;2.0633455456920333;1.7981831844487053;1.8084822871206814;-9999
20200719;1.7642105926120266;1.4647934285447846;1.459640950855684;-9999
20200720;1.5556357657957598;1.2931261750249783;1.3000786445883028;-9999
20200721;1.7782944290290101;1.5502627250204581;1.540948072194101;-9999
20200722;1.9628790285033366;1.7161391295466941;1.696867048111755;1.2720083514779537
20200723;1.7371976121489132;1.513599285503315;1.5170143210481768;1.220093557956368
20200724;1.9753003623072167;1.7366129930299266;1.713120000850178;-9999
20200725;2.31476734195826;2.048344048802651;2.035841127033809;1.5865885042654457
20200726;2.3192074508485168;1.9749287332943992;1.9918294284853522;-9999
20200727;2.2577243864378964;1.909285577808317;1.9154539350597761;-9999
20200728;2.4886788182547366;2.222507486218944;2.2423153851265964;-9999
20200729;2.8057980225277332;2.4989315283583666;2.5171317318607005;-9999
20200730;2.6026046747454328;2.363649893587195;2.355398252435314;1.5666369060764522
20200731;2.7014152245392267;2.4852841878989613;2.4758858830289205;1.9398076422458703
20200801;2.27120500278949;2.0910426064293555;2.1245744111164178;1.4989268707637555
20200802;2.229907391279163;1.9784069228731789;1.9545987288639408;1.6079896423499644
20200803;2.7294659093780833;2.431116436500576;2.420575419038366;2.2265473607045325
20200804;2.332605673216403;2.046375219512506;2.0494300834794155;1.7151180712462804
20200805;1.9317880480403833;1.826931532200365;1.8282901488685088;1.3920394743810305
20200806;1.9365353724824033;1.7775704410164685;1.7749274125627779;1.4042427283123533
20200807;2.1996358878258633;2.0068190329701525;2.001706620472179;-9999
20200808;2.7581613436011665;2.514456739981854;2.514180759019389;2.1074317991651337
20200809;2.8937753097905268;2.569844327625998;2.579120393578125;2.198998222094582
20200810;2.971883998309037;2.6800786186114873;2.656480694350006;2.238842401174385
20200811;2.4751444049364966;2.3403722580147726;2.338634256702867;1.9589466088056615
20200812;2.719072611760097;2.6123768126454006;2.6142605952600295;-9999
20200813;3.5371340960046496;3.2100151574224514;3.2269732854887985;-9999
20200814;4.085691626498953;3.3932029658152887;3.392609752163847;-9999
20200815;3.80683585258021;3.3486344916928754;3.356704116875639;-9999
20200816;3.9698987355821433;3.1921318136196795;3.1731444479246687;-9999
20200817;3.9699306810425803;3.073091880171997;3.0255494822897258;2.887215961166132
20200818;3.74805565210691;3.2400154013751687;3.2290694038446275;3.1846844395658516
20200819;2.7587067846313533;2.2769024914365827;2.284461183252509;-9999
20200820;3.0389667892058667;2.595134111349685;2.5941111239456465;-9999
20200821;1.6103060218205132;1.176842450148878;1.1833652821539877;-9999
20200822;1.8569148181370565;1.6716749003258529;1.6658421071874512;1.479649190673172
20200823;2.89637862608206;2.505794644886869;2.5294140893297503;2.3825309502484413
20200824;2.3927853416165097;2.142359195468956;2.132737126686873;-9999
20200825;2.8736928642320403;2.653838759385199;2.650603931420473;2.219156674679517
20200826;3.223775833897347;2.978498412955732;2.973578960585102;2.7745239564493063
20200827;2.4675714163253573;2.401407533198404;2.403476846042558;1.802564744252162
20200828;2.7360042947927568;2.576998724931037;2.5800500983960104;2.3313932336341012
20200829;2.7336598466944135;2.5515180936698343;2.5694966571673232;2.328465927769289
20200830;2.1322018810584766;2.050460042779319;2.0579659438376963;1.883941869331326
20200831;2.520717811371483;2.3728757673305587;2.383412003602608;-9999
20200901;2.34706036286036;2.1987818688494816;2.1932553630291483;2.078571568237484
20200902;2.16664561888147;2.135709767237622;2.1419893091089883;-9999
20200903;2.5455431664113335;2.447907714891925;2.4524955044401704;2.2662100791184936
20200904;2.6104072402634704;2.4336695774159884;2.429239837321926;1.961023047266943
20200905;2.928568969741487;2.680617142708961;2.6904925660774555;-9999
20200906;2.8772458980157665;2.4044346843430824;2.420015196413414;2.6841138839321625
20200907;3.2030317663265535;2.3850727669418297;2.399398431077317;2.3068726842669847
20200908;3.4974286951354165;2.729107369575649;2.7469460821399294;-9999
20200909;1.6294672744874568;1.3804473623182807;1.3585368158120457;1.465811879799646
20200910;1.1210725498710898;1.0448547634107557;1.020026908145115;1.0863066278391993
20200911;1.7804058173525368;1.72776241752555;1.7313788462060835;-9999
20200912;1.12088072994083;1.0328520726210901;1.0516063726892295;0.9659064296543187
20200913;1.6028735004204033;1.4833866670032672;1.4834585942472656;1.498666752791107
20200914;1.7171724015108465;1.6637647422151443;1.6885251883382804;-9999
20200915;1.9744221088509566;1.9448228369863183;1.938738876810532;-9999
20200916;1.8787682107047734;1.8497105150173976;1.8406820865010403;-9999
20200917;2.006420671633093;1.853902329319264;1.8464779378878373;1.6181523855032485
20200918;1.6388140389360168;1.5438741018796291;1.5294090935279596;-9999
20200919;2.047765068329053;1.9290711294019653;1.9961781663725502;1.7398104930107372
20200920;1.9680173817622266;1.8994199807339145;1.879783984187104;1.8210013907416707
20200921;2.2546906520650434;2.1695606299530916;2.161429230461397;1.9820384438646168
20200922;2.404101318975553;2.1761736144009465;2.1537449941926194;1.926190957702025
20200923;2.0660906597066533;1.876050610700727;1.8686619141852765;1.73696297265163
20200924;2.0962108963988064;1.8350958417711565;1.8139659048865808;1.6615899769883788
20200925;1.61538765502357;1.556972529124805;1.5592977580314527;1.4093610141754593
20200926;1.8025357080380402;1.5748156548058183;1.5563579213329812;1.5755819333361993
20200927;1.4824270629232765;1.3985222649235143;1.3953013289098783;-9999
20200928;1.9181871489698803;1.7604126478268092;1.7602526644220597;1.6731753592436367
20200929;1.87281764550848;1.7618574728278167;1.7567216663523735;1.597802884804712
20200930;1.9992476109780597;1.6875474068031684;1.6768549813835385;1.8339800866922442
20201001;1.826056002087623;1.7459151161332278;1.74979459782602;-9999
20201002;1.6516327019340633;1.5396809940203884;1.5316713943846767;1.4625590794751147
20201003;1.5390427971283334;1.363962784047582;1.3573229907303832;1.4183334623789736
20201004;1.8857933926209967;1.5926853318063703;1.5690657084986313;1.6891530720080667
20201005;1.7243165964729135;1.5203510443102837;1.5412343399510589;1.6552670565297107
20201006;1.65341550138353;1.2733944775825112;1.2555028413168239;1.4746705891548464
20201007;1.4347661512510035;1.2700370305609727;1.2584199527580564;1.32504217560104
20201008;0.605871742618784;0.5714235436407386;0.5815197629057013;-9999
20201009;0.6202347825721694;0.5905190886476142;0.5918114518538777;-9999
20201010;0.9983500480605053;0.9137458156490363;0.8994814020367594;-9999
20201011;1.2821158012679967;1.1791978570006127;1.1652599720353567;1.1442537712854217
20201012;1.30466590064792;1.1898150964386842;1.198198745170355;1.2413137789399429
20201013;1.43544267932889;1.3142390725486217;1.3095230105705806;1.2435965169907817
20201014;1.6805724210481898;1.4468647759602664;1.4383503662407393;1.3813340538720713
20201015;1.2807437995841067;1.1778045845241776;1.1740584133852112;1.208019172716033
20201016;1.4704210635980999;1.2584223917253723;1.2667643424097093;1.247539439527607
20201017;1.3771666956507798;1.2300461625517942;1.22710733539868;1.1740833531088462
20201018;1.3763127034212133;1.1700034618461705;1.1520411739683216;1.238269143526291
20201019;1.63769190035267;1.334860587352991;1.3356960906409372;1.4490614644449031
20201020;1.4481991595194732;1.1979666125662678;1.1900223765846933;1.195164232377687
20201021;1.41730933787051;1.314308197286639;1.3080415823409233;1.394345697700776
20201022;1.3054982752274167;1.1384599482401037;1.1553527269645691;1.1528116877227845
20201023;0.9761895487724456;0.87252806382253;0.8896286348861737;0.9014028184793145
20201024;0.6118434327136103;0.5530339205020264;0.5282614660206629;0.5756392070177612
20201025;0.8635481106316156;0.5934922083742488;0.6009579478511442;0.6685132054398625
20201026;1.3428162646954334;0.9136187099239819;0.9349862967433168;-9999
20201027;0.8142998461684225;0.7338875529666723;0.7275542977464128;0.6632692178986788
20201028;0.9699533025208319;0.873116126357991;0.8749133477254036;0.8721137284253606
20201029;0.9148877664893599;0.7932274439212189;0.8117213099983374;0.8440475769380822
20201030;1.0029121730953934;0.8375001981928692;0.8506146126495543;0.9393283805998239
20201031;0.9402142515019186;0.8468477914330481;0.8556591052071544;0.7937917855128502
20201101;0.7751326373283699;0.724942187489768;0.7170366528914233;0.6903202165286314
20201102;1.0029803630076832;0.9139440890379178;0.9088413229680552;0.8172923914553859
20201103;0.9808481341845651;0.8787682379425984;0.8848204616889201;0.9028393152373495
20201104;0.8462786407895604;0.7703720419614277;0.8057217389429024;0.7271065464670343
20201105;0.9859790901309058;0.8807242474033649;0.8846394453089654;0.7792794240901593
20201106;-9999;-9999;-9999;-9999
20201107;-9999;-9999;-9999;-9999
20201108;-9999;-9999;-9999;-9999
20201109;-9999;-9999;-9999;-9999
20201110;0.404567223468852;0.1745524606448269;0.23143721163785574;0.21791448320220952
20201111;0.28791308782992237;0.16846770716261275;0.173045834141252;-9999
20201112;0.331533632076925;0.15152346506827527;0.1756214895354953;-9999
20201113;0.41009308237221836;0.06425123708747466;0.041386148245188235;-9999
20201114;-9999;-9999;-9999;-9999
20201115;0.6111376633698613;0.10589852731140163;0.17887225806847887;0.19908569639871865
20201116;0.366514453869673;0.1205049273423207;0.14389412521366893;-9999
20201117;0.341436135107672;0.06834731268620964;0.06724025063850045;0.19198314695802368
20201118;0.91949222104715;0.10621250424022678;0.08329943380726823;-9999
20201119;0.78009541877555;0.12075105828665823;-9999;-9999
20201120;0.5547281720225706;0.12270389986435716;-9999;-9999
20201121;0.4716653604433673;0.09608839916056233;0.15194831465761977;0.2196699547007024
20201122;0.486041793157374;0.09705790621840751;0.15444261715134197;0.24327796158335882
20201123;0.5356203133915066;0.17649282584273812;0.18707138029677825;0.378266673360662
20201124;0.3960813614811413;0.13945082795687352;0.15360820762645666;-9999
20201125;0.5272959653387423;0.16523065757652994;0.14793767140189099;0.2852921583003974
20201126;0.8590102837578409;0.38288145451834693;0.38511862447515655;0.6790301568922238
20201127;0.3373820279777213;0.1299625450071519;0.11131454351332681;0.2355810224393373
20201128;0.30161000996642834;0.11573125702858594;0.11068535630957292;0.23310970138627382
20201129;0.23419067624226866;0.12307147891255997;0.1298993298056796;0.18481864773275822
20201130;0.35706341755019033;0.1623518654502641;0.1758364126100162;0.2616834512802625
20201201;0.257006412484612;0.1157586909681346;0.127897449085705;0.20295169286433853
20201202;0.2623162202471307;0.12104557795197778;0.13471072488479627;0.21606393245125213
20201203;0.259449092891803;0.12388973418943514;0.12760882460485776;0.18822240623956177
20201204;0.26471216283118165;0.10681005421988761;0.1118710081634781;0.21726576607864226
20201205;0.2405976908052713;0.10144201725191723;0.09188162515067365;0.18949871707045143
20201206;0.301072222784541;0.1284869007557327;0.11296551611751478;0.2781960152582276
20201207;0.5165831426479773;0.22323837348730732;0.22609537701203036;-9999
20201208;0.29136042468253237;0.1660675133957996;-9999;-9999
20201209;0.4053284282200266;0.1734277780696276;0.1566423720842688;0.3602597661154523
20201210;0.29247962712192066;0.134129901980764;-9999;-9999
20201211;0.28523455850071106;0.12701685703770016;-9999;-9999
20201212;-9999;-9999;-9999;-9999
20201213;-9999;-9999;-9999;-9999
20201214;-9999;-9999;-9999;-9999
20201215;0.471233823520095;0.12552604121809785;-9999;-9999
20201216;0.39176331812751464;0.10283302667580042;0.10531316164167;0.2372549913647655
20201217;0.6744307698342991;0.21721443777133714;0.22972999523148038;0.3827722164010104
20201218;0.593439171074447;0.26500842409283026;-9999;-9999
20201219;0.48731961063347967;0.21707684352376588;0.2861666091195043;-9999
20201220;-9999;-9999;-9999;-9999
20201221;0.30353413088458003;0.1847992160461767;-9999;-9999
20201222;0.5018829820917333;0.23276213141894478;0.239295764877221;0.272392097192308
20201223;0.289957531492344;0.09550356435731676;0.08661702326746512;0.1201978255618561
20201224;0.21978161610688;0.15103233608723687;0.15429716375304942;0.10377586748737373
20201225;0.9637991172798007;0.24020605805157036;0.17235847498591111;0.5441160371846699
20201226;0.7454994631353046;0.3709080559095754;0.3453651265630643;0.2397481579985802
20201227;0.5448566392078042;0.2557609486420009;0.24085233921094562;-9999
20201228;0.4515648131423457;0.1982831546278639;0.17966110195678037;0.19005264632967656
20201229;0.42086234320141935;0.20970409337250936;-9999;-9999
20201230;0.574670874486732;0.2887543582607735;0.27313926405892464;0.2753146628292987
20201231;0.8937810646499326;0.40303053287341556;0.409401478627493;0.48475380486834824
20210101;0.5745693603806524;0.303388340628076;0.2768751013469524;0.26141400426903033
20210102;0.33083692984063734;0.08533642706784536;0.0782579974402824;0.1372255167092961
20210103;0.29565852769719797;0.18462120491631664;0.20087497711994545;-9999
20210104;-9999;-9999;-9999;-9999
20210105;0.6786204044278473;0.39630167021026286;-9999;-9999
20210106;-9999;-9999;-9999;-9999
20210107;-9999;-9999;-9999;-9999
20210108;0.4508307143462777;0.26283111533942555;0.2634950936264127;-9999
20210109;-9999;-9999;-9999;-9999
20210110;0.586248347140093;0.5077747050072006;-9999;-9999
20210111;0.47905843909168766;0.21271440530572125;-9999;-9999
20210112;0.32501367580247464;0.16761820024192123;0.15984718769992273;0.17654378111903365
20210113;0.576846484035752;0.4675451613286408;0.46212237658665095;-9999
20210114;-9999;-9999;-9999;-9999
20210115;0.5284533199206042;0.3322303593449442;0.3263443134203334;-9999
20210116;0.6255368996820024;0.18066887522636493;0.24205057721460835;-9999
20210117;0.5983343629959457;0.3010374155280322;0.357140692820491;-9999
20210118;2.16028523208856;1.2143668747216454;1.300257411118979;-9999
20210119;1.10639281000833;0.5008591666150835;0.4098807391313494;0.7433203831894902
20210120;0.5883202047102593;0.4183958638693334;0.41319541184983205;0.31653951310472733
20210121;0.4590590399574763;0.311375803346609;0.31686335620949085;0.24669582037144858
20210122;-9999;-9999;-9999;-9999
20210123;1.08237917320485;0.8112332789517633;0.8095012833782275;-9999
20210124;0.5799627634122656;0.3078276567642662;0.28355242950749887;0.23544383092502574
20210125;1.1743968746567532;0.9826661629513244;0.9732968599333988;0.5649357091542205
20210126;1.61379752929718;0.6703684491764589;0.5273538846896264;0.9955149052082455
20210127;0.9919093409772556;0.39310462060620077;0.33358675847093283;-9999
20210128;-9999;-9999;-9999;-9999
20210129;0.5082393362302077;0.3822972663161135;0.37463351223402774;0.20911280326812237
20210130;0.9701187786046064;0.5508987930400304;0.5562421029505831;0.32809318413365984
20210131;1.0685967173641133;0.6335199113114092;0.6111686091676616;0.5437716442179636
20210201;1.09249762558868;0.5598045729107763;0.5478997023056488;0.6527818071169996
20210202;-9999;-9999;-9999;-9999
20210203;0.7584653754257746;0.6008728700503316;0.5897422271791947;-9999
20210204;0.9290921328009349;0.7476734462594362;0.752925533430848;0.4868836559415066
20210205;0.8929057120483469;0.705947428163069;0.7043633470824711;0.43765566090141883
20210206;0.8647316792005947;0.7073749883141047;0.7056343763194489;0.47773133746974145
20210207;0.9905086494986777;0.7493179495002783;0.7541628574385201;0.5486271976445846
20210208;0.740664299346682;0.647200022821612;0.649157967618805;0.4019784927623711
20210209;1.1415983432038332;0.9423214759427891;0.9231118835716492;0.4885538217375253
20210210;1.1406611076368467;0.9667391967187775;0.9543180781499621;0.5779994645575697
20210211;0.47131933409466037;0.2586143310185042;0.2787283657298972;0.31578527299362624
20210212;1.3243576199140332;1.134135322232635;1.132184374498914;0.5873993133484687
20210213;1.4164685999757534;1.092879391811926;1.056937752222322;0.729515628446134
20210214;0.9764544136127103;0.7466449480397382;0.7369624028641372;0.5301166777873894
20210215;0.6146914832115921;0.35897913117241137;0.35504877512344646;-9999
20210216;1.2343382683422732;1.0721729967558717;1.0613240246685145;-9999
20210217;2.2734506599840167;1.8187341456960058;1.7912903721974913;1.4523192771266706
20210218;0.9334086836726451;0.6895813169572719;0.7157235287967456;0.585392615686871
20210219;-9999;-9999;-9999;-9999
20210220;1.5086385048701967;1.2224507685131234;1.2058298638189293;0.718748907933815
20210221;1.23897344244098;1.0333677236536964;1.0369586257051648;0.620845391827783
20210222;1.1619142711524433;1.043142189054241;1.0527205177542067;0.5491043945599138
20210223;1.9624201580364902;1.6492532435175118;1.6015255758104447;1.2275632510208712
20210224;2.314059057609247;1.6204403471807987;1.5973223891780683;1.604151517839426
20210225;1.2637570654099;1.0298541775025396;1.029829801716354;-9999
20210226;1.2875749910334535;1.0862821470357489;1.0744241233562377;0.9744276030211806
20210227;1.7472608269112901;1.5438783583983071;1.535077055353813;1.370740066606607
20210228;0.8315796346096384;0.6805912202310533;0.6733993423461632;0.6351831378349495
20210301;1.18464077843586;0.9399228083905744;0.9174510381187235;0.8996333339617948
20210302;0.8437668077378437;0.7290023024454624;0.7095287272402633;0.635544494571911
20210303;0.577091188797628;0.4194888201718786;0.4007828462561597;0.40602801874116856
20210304;0.8104662869822596;0.7063792943788987;0.7025721189656831;-9999
20210305;1.1872081398795766;1.1250352182815058;1.1211815034413826;0.8835540226801526
20210306;1.73522180265077;1.613204838115651;1.595467262496776;0.797852367930755
20210307;1.3636900695979968;1.243587424787315;1.250839603820061;0.8555955549495874
20210308;-9999;-9999;-9999;-9999
20210309;-9999;-9999;-9999;-9999
20210310;-9999;-9999;-9999;-9999
20210311;-9999;-9999;-9999;-9999
20210312;-9999;-9999;-9999;-9999
20210313;-9999;-9999;-9999;-9999
20210314;-9999;-9999;-9999;-9999
20210315;-9999;-9999;-9999;-9999
20210316;-9999;-9999;-9999;-9999
20210317;-9999;-9999;-9999;-9999
20210318;-9999;-9999;-9999;-9999
20210319;-9999;-9999;-9999;-9999
20210320;-9999;-9999;-9999;-9999
20210321;-9999;-9999;-9999;-9999
20210322;1.4256790429804633;1.258176433557739;1.2601555438453915;0.7446390433770046
20210323;2.212000738203263;1.7781840824211648;1.7631359509393547;-9999
20210324;1.3824466517533267;1.0648921977170187;1.051053426143221;0.9631898011425482
20210325;1.3447908901185832;1.2424280228196687;1.2305016259064254;0.9175323409604452
20210326;2.1503268768316066;1.9666215943831717;1.9649074683099188;1.318185168542838
20210327;1.38660650672242;1.2167679473503423;1.2091953612324344;1.049981372272997
20210328;1.9012743876532667;1.7265469137053318;1.7183987661389464;1.13072180063793
20210329;1.9654091196202366;1.688824248275107;1.6809883513631028;1.4579886469899113
20210330;2.374548700085683;2.0802698938784414;2.084054340283259;1.7280861286243574
20210331;1.8798981643863169;1.7192082617554638;1.67808787716462;1.1688390274919516
20210401;2.0844305918491965;1.9124708894230533;1.9131277900808485;1.2670258823814085
20210402;1.7942333595310467;1.1904997588424209;1.229862613102486;1.1311027513715088
20210403;1.69004030859414;1.4880152606987584;1.489066023116274;-9999
20210404;1.3439039660679801;1.2383816058024528;1.234939994924392;-9999
20210405;1.4682837821053731;1.2806952104043587;1.2946548488293772;0.7848129370020999
20210406;1.4093545166377002;1.1407962032296044;1.1693320347355227;1.0145825119742715
20210407;1.54457124931987;1.3597588887470213;1.3190156448836836;0.8204845900752625
20210408;1.5323953719109233;1.4112068146393262;1.3920361168635995;0.9534287700065386
20210409;1.5571164644199567;1.3979805990801304;1.3860481848060808;0.900154684826323
20210410;1.5923511003892934;1.3833764805978304;1.3399946288939808;1.0180939308177417
20210411;1.4497913799728732;1.2838807982298197;1.2874310266623734;0.9996520995857658
20210412;1.6196651900678098;1.3740152102626682;1.4271147207349753;1.168210642310966
20210413;1.58873067701877;1.4294297985452082;1.4036369434759248;1.0595229860593034
20210414;1.07948478790287;0.9390101015633546;0.9140098232668632;0.7873525802425828
20210415;1.6460535469092967;1.4641547328122935;1.4887491454504564;1.05459032214068
20210416;2.2398593406483136;1.9980756854124204;1.9789982505675914;1.5415673093741098
20210417;2.0766074417963964;1.756966628678266;1.7214480147866615;1.4348820683768309
20210418;2.151867870158633;1.9081726526746812;1.9060773217531055;1.6771603951707423
20210419;2.1537032688455233;1.931517620545859;1.936925597644408;1.362381155366111
20210420;2.547358809811907;2.3696232307472878;2.3691313536173064;-9999
20210421;2.3007029188410564;2.082061897491984;2.13505873180067;1.5247704089564973
20210422;1.9897061285562299;1.8594367668042897;1.8514937846211743;1.150824400182814
20210423;1.5796531442460233;1.4227558121191726;1.3928482799386273;0.9299936754625172
20210424;1.5285233530378097;1.3606570381483623;1.3355597967058495;1.0429479890981725
20210425;1.1241417589003133;0.798621785492818;0.8159255763155946;0.7532078695872612
20210426;1.2599992511126767;1.144663540104226;1.1155238897029003;0.8896590452701097
20210427;1.8600831333887067;1.6292567737261474;1.6230828015058285;1.4223769628727108
20210428;1.7971168802514565;1.621396703992797;1.5841312203329545;1.375779827243188
20210429;1.92230461743789;1.701529358232626;1.6917995239988968;1.3659313470948118
20210430;2.5637301608213634;2.1009239214498967;2.083941460473351;-9999
20210501;1.9038567870035965;1.703247532264485;1.7159933353512562;1.3695347529366921
20210502;2.221432837252943;1.88666441709016;1.8739868209244814;1.7803194166466811
20210503;2.376195002863597;2.163873527685142;2.155803937303925;-9999
20210504;2.30131956371963;2.0532598982712322;2.0340090052662823;1.4829478438243817
20210505;3.049599219433643;2.5907898395023587;2.564085275731147;1.4190029075104684
20210506;3.03714232889385;2.6108648558884773;2.572015739847107;1.860564743604285
20210507;2.121353751152683;1.9025622293408913;1.8852841117871086;1.267018495077393
20210508;2.6123372839211667;2.0546291748395906;2.0579578697281806;-9999
20210509;2.372422056969393;2.222593222401894;2.2057881782499438;1.6562294231812316
20210510;2.6396075473801237;2.428581076794496;2.403616141655065;2.036751709689496
20210511;2.2052489376629567;1.9456056748060897;1.9344983308848172;1.7114773102532914
20210512;2.67544700657319;2.2393171227821207;2.1988850694166633;2.165226879758943
20210513;2.3656833511720063;2.1042445564545833;2.087262325713618;1.942231757916287
20210514;2.088847829999;1.8473613949002918;1.8536378300946756;1.639618363832139
20210515;2.10823448480153;1.9331070669801544;1.9313120348652497;1.283258465517057
20210516;2.411608950144433;2.2530528088057262;2.254508109764823;1.5476021647970546
20210517;2.2930318389250965;2.164551891760369;2.167400929080189;1.6732777467856637
20210518;2.1947294056125135;1.939132714654365;1.8076966058763921;1.648692330576241
20210519;1.9911440326117298;1.8204332182983123;1.7583094374833226;1.5423610979308893
20210520;2.3979926516337833;2.082812058673922;2.0516820503318365;1.8089543425067027
20210521;2.4804708464104466;2.209782173798626;2.3444880441880454;2.112311466426528
20210522;2.164944937590283;1.870486516953474;1.8483274002196137;1.6913178151916797
20210523;1.9329765645181236;1.8526970471588593;1.868908435762201;1.4141758903031791
20210524;2.58509595092707;2.3352797809963546;2.326364427060985;1.7883918656154936
20210525;2.6142403484268733;2.4608549628005036;2.4479670733375136;1.7352747706252372
20210526;2.7434525015717703;2.4891829001565178;2.446722532505804;1.953591944496896
20210527;2.04866711095053;1.884092771085625;1.8582647318008707;1.6139232403615296
20210528;2.242929233847373;2.0652173399393385;2.0312915747690203;1.660384124834312
20210529;2.162389668801034;2.0757423663451013;2.064985822322022;1.7396746062474022
20210530;2.4634124566177267;2.3988520757990863;2.4157510946560343;1.7718810660856497
20210531;3.4554277337654002;3.0982499249725377;3.064803928779457;2.5846222755306654
20210601;3.659510824912863;3.443435359413102;3.4382248850582884;2.541134769612636
20210602;3.1167579676330903;3.0239115581724496;3.0237883391485663;2.28305873687147
20210603;3.204800099194827;3.0962731133587975;3.0948183371033173;2.190608956279031
20210604;3.6688801954443098;3.4594803386876394;3.447367204580953;2.5815521747453447
20210605;2.9207076529717937;2.7969935644147563;2.7684986728524748;2.1509025905582226
20210606;3.0398051177548897;2.8557297942483495;2.8530843161838195;2.3759040320972638
20210607;2.5385019701223968;2.406017249895328;2.3654333530572447;1.939265461454933
20210608;2.324891210137713;2.180678367002419;2.165258203721012;1.7934953806317067
20210609;2.8619166268326097;2.6472111287578124;2.6275672598336577;2.028551002170113
20210610;2.698585785860647;2.530422913591538;2.5402142832220966;1.7548848311907859
20210611;2.78056550842584;2.625123032442496;2.6571065747364395;-9999
20210612;3.1947521497430933;3.0643803711806528;3.0624048017094276;2.2006307603941537
20210613;3.25353341391695;3.1001992301085957;3.1694883210269498;2.1258797404503667
20210614;3.1385913882995937;2.9974345943726473;2.9937189816118974;2.272365070074726
20210615;3.7512806129306937;3.6537829640867234;3.6471234495241323;2.4719416728217274
20210616;3.990150516223013;3.8660621037347918;3.8476481889329643;3.1557110091619
20210617;4.70643061085544;-9999;4.590564591564904;3.7898631545304826
20210618;-9999;-9999;-9999;-9999
20210619;5.138375319367273;-9999;5.01764143373237;3.665925425273705
20210620;4.86268140062136;4.611912606107123;4.765138823156745;3.4294685427157563
20210621;3.9442392129096597;3.7961059710381666;3.7964653414820164;2.7756708578262983
20210622;3.504257053371567;3.390928680825129;3.3871576398326857;2.536599985234606
20210623;3.5939235471939734;3.4864026085140947;3.476342003793345;2.3632398724595465
20210624;3.73569400239967;3.6120392947560434;3.610195929166036;2.4823231433630593
20210625;4.095820248671304;3.88505493915176;3.893361448856008;2.7398748423545896
20210626;4.380661365378466;4.142458652892439;4.1736491485466;3.190965389777232
20210627;4.434722876163376;4.226619948054885;4.214660086768764;3.2660614106315573
20210628;4.14305126702475;3.955265394041365;3.971052885564163;3.049678139064608
20210629;4.098235727978504;4.0079056862540545;4.055630119289944;3.013429773519066
20210630;4.547781710038163;4.32009532052004;4.328301473917418;3.432054003532537
20210701;3.9187651747561367;3.811938409027318;3.8203522807776302;2.656031249662781
20210702;4.343274894047007;4.102440866889899;4.26182207119582;2.9467833565028325
20210703;3.7853344473091304;3.6560130955755015;3.6291439045555114;3.0037448083832174
20210704;4.16023398884296;4.059600168673615;4.072355687810178;2.877331015017244
20210705;3.8505221008826234;3.7332376488232604;3.7363560075397384;2.727821493783814
20210706;3.674723374390563;3.5534892910404765;3.555617525139956;2.581480548324266
20210707;3.988987615050643;3.8724976941158373;3.869917760785139;2.8317692681859468
20210708;3.8211282404988736;3.7455522057597843;3.7368687128361144;-9999
20210709;-9999;-9999;-9999;-9999
20210710;5.130935817241617;4.760793657324586;4.795534291866422;3.812738475798401
20210711;4.854115677279354;4.594844224409115;4.687739946977849;-9999
20210712;3.8326205422600297;3.6865683295129847;3.68172040739967;2.8614374699362344
20210713;3.71563060060088;3.598224657279326;3.59965666897442;2.6524922724241207
20210714;3.5209632602057;3.4403902886254705;3.441197582950458;2.5387303255965623
20210715;3.402732658142067;3.2878249425072137;3.3090586300911196;2.4869936369019787
20210716;3.3384669832960103;3.2829629918879304;3.287598895886641;2.5062066736632618
20210717;3.8133178359580704;3.7237244569990535;3.725352290742091;2.9165404587069403
20210718;3.838132718465053;3.697581267372033;3.687229108296878;2.9697848795226696
20210719;4.15158373518721;3.9532296492398853;3.9627455310670507;-9999
20210720;3.9130520286009336;3.7494023286365423;3.756052139342219;-9999
20210721;4.000002933644979;3.917856813416717;3.9106960769703587;-9999
20210722;4.18785711394464;4.085594440493558;4.095675640292464;3.241982801894471
20210723;3.9922054130354963;3.815882320748179;3.8128649835881214;2.9973680906420936
20210724;4.095990692641136;3.908022571161632;3.900935837045784;-9999
20210725;3.7883248485627767;3.5658575616814634;3.5602814946220596;2.9405142067517738
20210726;3.488648127702053;3.2130972512567264;3.3239906242131636;-9999
20210727;3.9661060083266064;3.6092161527572264;3.6117505157137897;3.333342445658971
20210728;4.052329211313103;3.851107667250701;3.8543897643998446;-9999
20210729;4.203423790253759;4.086264948755873;4.0901186983262035;-9999
20210730;4.084429878447991;3.834661687724275;3.8257600124044835;-9999
20210731;3.783301951177117;3.651684464458443;3.667865469310617;-9999
20210801;3.4916927966341667;3.3607159470007573;3.3905537812110422;-9999
20210802;3.17051136692679;3.0970246425111534;3.0807177794897527;-9999
20210803;3.72067332243317;3.5632191178216788;3.5474727574988854;-9999
20210804;3.8846951058380603;3.7172778072052184;3.7219792195870767;-9999
20210805;3.0000420746495533;2.9656434960791405;2.9674812151801744;-9999
20210806;2.446720155435853;2.365687226441921;2.3640133914681867;-9999
20210807;2.7727401243983003;2.6844686195804677;2.7360682183668694;-9999
20210808;2.7418751664668997;2.681830027289901;2.6712365394780013;2.1726208641137954
20210809;2.91068238057953;2.840706534334086;2.8184809377173035;-9999
20210810;3.4189605181846403;3.334211604393289;3.3264505766807044;-9999
20210811;4.249724537998341;3.978636470355657;4.075351302654017;3.544099756819924
20210812;3.2796345974634598;3.0561065547811013;3.0662117322780618;-9999
20210813;3.3329825850335104;3.199061520721537;3.215835703229864;2.796850505910371
20210814;3.7318282916168903;3.562011995438846;3.56083783267775;3.0925590529535545
20210815;2.5652859030504036;2.479440850669938;2.473365487543036;-9999
20210816;3.0072032134676996;2.8218887258455134;2.8541716130830523;2.398998535279782
20210817;2.6654934144132167;2.5471345514593557;2.5524793973143205;-9999
20210818;2.3617990298715665;2.26244970667669;2.2564889014659464;2.091512567161982
20210819;2.1511081626947135;2.092899714567764;2.1025383213632196;-9999
20210820;2.09294915059728;2.0087059398203375;2.001258787837058;1.810388016690272
20210821;2.1339913083139765;2.1034953350817056;2.1037069700029436;-9999
20210822;2.0266331981289665;2.0124284889135327;2.0120242847023846;-9999
20210823;2.4846248327971967;2.4020974676788414;2.404240068068703;1.8930928631297073
20210824;2.3790707264418636;2.3436668882951754;2.3651024145343214;1.9557205527755896
20210825;2.792466482243207;2.767204981433944;2.761471886023759;2.167232252614959
20210826;2.6775953621752464;2.5899760547398047;2.5859641504925075;2.1158516937359706
20210827;2.8262039629966864;2.730233437516517;2.724359308536828;2.6257675822639146
20210828;2.7592975908046395;2.5848696872894616;2.586463690775716;2.351638475582423
20210829;2.880293445487967;2.7307543373247416;2.715216049675203;2.2332608077489344
20210830;2.939732692140826;2.7884033402085673;2.7648175783197795;2.346042407061705
20210831;2.6001845987683034;2.426693485770523;2.4454563577952166;1.9699311015695729
20210901;2.3863577142280232;2.3394447463160226;2.3569098316150257;1.8067754819672188
20210902;2.1683342135646133;2.1611610968745123;2.1852323403257965;1.612403672045035
20210903;2.29422427625435;2.286619792333521;2.2835179789058735;-9999
20210904;2.45792798505216;2.22063621639355;2.1974329308639486;1.9010925883982062
20210905;2.00663079991175;1.67351279455331;1.6404726339752305;1.5156650687945743
20210906;1.7734696433008634;1.2993598771102;1.2622026367428487;1.429519728928932
20210907;2.4563357643898267;1.853956965699823;1.8259561716243844;1.7508879155193398
20210908;2.210950182767433;1.8332137714523862;1.8559428335548953;1.662731026917006
20210909;1.8875467392705065;1.176528625074052;1.0593274287719343;1.2513176821992917
20210910;2.469364408722917;1.9127797221847658;1.8804690899210725;1.1843176180399566
20210911;2.3307452054562;2.085576038650466;2.143560201259505;1.4941209317249793
20210912;2.8896147747448135;2.617199399125688;2.652846667335932;1.6910810253736344
20210913;2.961335885870453;2.676686649137636;2.736688807088975;2.0407378303047716
20210914;2.61947103211118;2.268800730367874;2.31986754304724;1.7173638370215905
20210915;2.57908155027897;2.372684485934508;2.3598898535933692;1.5454910299074585
20210916;2.065887125719927;2.007946118497681;2.0257621952166445;1.185057094880649
20210917;2.317945565662283;2.1345302663434094;2.1419655790281906;1.4385747026302071
20210918;1.7765120843655466;1.6493408213966816;1.6558618006893497;1.1599291505464888
20210919;2.178289494483783;1.9023484844534926;1.8914267856842906;1.3802122328863795
20210920;1.6242482358761532;1.437135800477897;1.509929105525277;1.1948012051287205
20210921;1.7503030100598134;1.6106410791425025;1.632509812521691;1.2919575083129073
20210922;2.385975362298127;1.9360870666971117;1.9741636914977034;1.6891531808251854
20210923;2.0640362333327533;1.7053354911618663;1.7076916055488922;1.8609489917506885
20210924;-9999;-9999;-9999;-9999
